"resno","resid","x","y","z","type","topology","ramachadran","hbonds","RMSF","amino","conservative","importance_ring","charge","hydrophobicity"
1,"MET",-17.966,0.47,25.726,"Cytoplasmic","CD",0,48.7295647035651,6.32982730865479,"M",90,0,-0.136743796849583,-3.4
2,"ASN",-19.438,2.637,22.959,"Cytoplasmic","CD",13.728579870002,66.2596021272405,4.90597105026245,"N",20,0,-0.136743796849583,4.8
3,"THR",-22.773,3.758,24.513,"Cytoplasmic","CD",0.551506795351586,69.3125861729368,4.36159181594849,"T",20,0,-0.136743796849583,-1.2
4,"GLN",-21.121,5.586,27.36,"Cytoplasmic","CD",0.334843411463463,78.5700216663384,3.75980472564697,"Q",10,0,-0.136743796849583,4.1
5,"TYR",-18.212,6.762,25.263,"Cytoplasmic","CD",1.98936379751822,68.9186527476856,3.18430399894714,"Y",10,0,-0.139249389516868,0.7
6,"ASN",-19.346,7.758,21.783,"Cytoplasmic","CD",1.65452038605476,71.7746700807564,2.24812793731689,"N",20,0,-0.136743796849583,4.8
7,"SER",-17.568,6.023,18.845,"Cytoplasmic","CD",0.354540082726019,50.3052984045696,1.46357607841492,"S",60,0,-0.136743796849583,-0.6
8,"SER",-18.665,8.524,16.043,"Cytoplasmic","CD",0,41.6781563915698,1.41882681846619,"S",10,0,-0.136743796849583,-0.6
9,"TYR",-15.864,10.863,16.804,"Cytoplasmic","CD",0,53.0825290525901,0.944062769412994,"Y",10,1,-0.139249389516868,0.7
10,"ILE",-12.866,8.346,16.602,"Cytoplasmic","CD",0,7.70139846365964,0.873372614383698,"I",10,0,-0.136743796849583,-3.1
11,"PHE",-14.642,7.078,13.353,"Cytoplasmic","CD",0,0.0393933425251133,1.08056712150574,"F",10,0,-0.136743796849583,-3.7
12,"SER",-14.338,10.733,12.248,"Cytoplasmic","CD",0,25.9602127240496,0.888232171535492,"S",10,0,-0.136743796849583,-0.6
13,"ILE",-10.502,10.82,12.813,"Transmembrane","TMD",0,0.0196966712625566,0.716050148010254,"I",10,1,-0.136743796849583,-3.1
14,"THR",-10.452,7.439,10.869,"Transmembrane","TMD",0,0.0393933425251133,0.860976099967957,"T",10,1,-0.136743796849583,-1.2
15,"LEU",-12.541,9.169,8.079,"Transmembrane","TMD",0,1.93027378373055,0.724637150764465,"L",10,0,-0.136743796849583,-2.8
16,"VAL",-9.833,11.782,7.753,"Transmembrane","TMD",0,0.374236753988576,0.660789132118225,"V",10,1,-0.136743796849583,-2.6
17,"ALA",-7.069,9.143,7.92,"Transmembrane","TMD",0,12.2316328540477,1.06527876853943,"A",10,0,-0.136743796849583,-1.6
18,"THR",-8.877,6.96,5.358,"Transmembrane","TMD",0,2.14693716761867,1.1696971654892,"T",10,0,-0.136743796849583,-1.2
19,"LEU",-9.097,9.937,2.848,"Transmembrane","TMD",0,0,0.91925173997879,"L",30,1,-0.136743796849583,-2.8
20,"GLY",-5.388,9.145,2.999,"Transmembrane","TMD",0,6.89383494189482,0.978525698184967,"G",10,0,-0.136743796849583,-1
21,"GLY",-6.553,5.553,2.36,"Transmembrane","TMD",0,1.28028363206618,0.927218675613403,"G",60,0,-0.136743796849583,-1
22,"LEU",-8.546,6.65,-0.676,"Transmembrane","TMD",0,0,0.808444440364838,"L",70,0,-0.136743796849583,-2.8
23,"LEU",-5.51,8.739,-1.929,"Transmembrane","TMD",0,11.4043726610203,0.821869790554047,"L",10,1,-0.136743796849583,-2.8
24,"PHE",-3.359,5.532,-1.593,"Transmembrane","TMD",0,12.6058696080362,0.805297255516052,"F",20,2,-0.136743796849583,-3.7
25,"GLY",-6.065,3.858,-3.957,"Transmembrane","TMD",0,6.06657474886744,0.637234389781952,"G",10,0,-0.136743796849583,-1
26,"TYR",-4.866,6.292,-6.694,"Transmembrane","TMD",0.0196966712625566,5.12113452826472,0.685252010822296,"Y",10,1,-0.139249389516868,0.7
27,"ASP",-1.204,5.275,-6.611,"Transmembrane","TMD",0.433326767776246,94.2485719913335,0.866832375526428,"D",10,0,-1.13574479585058,9.2
28,"THR",-0.703,3.105,-9.733,"Transmembrane","TMD",0.0196966712625566,52.0779988181997,1.01301562786102,"T",10,0,-0.136743796849583,-1.2
29,"ALA",-4.37,3.316,-10.961,"Transmembrane","TMD",0,16.5845972030727,0.870303750038147,"A",10,1,-0.136743796849583,-1.6
30,"VAL",-3.995,6.948,-12.304,"Transmembrane","TMD",0,0.531810124089029,0.722409009933472,"V",60,1,-0.136743796849583,-2.6
31,"ILE",-0.872,6.31,-14.483,"Transmembrane","TMD",0,14.5755367342919,0.848720788955688,"I",10,0,-0.136743796849583,-3.1
32,"SER",-2.486,2.84,-15.48,"Transmembrane","TMD",0,70.7898365176285,1.14522361755371,"S",10,0,-0.136743796849583,-0.6
33,"GLY",-5.108,5.163,-17.158,"Transmembrane","TMD",0,42.4660232420721,1.13272047042847,"G",10,0,-0.136743796849583,-1
34,"THR",-2.763,7.448,-19.021,"Transmembrane","TMD",0,6.04687807760488,0.9063960313797,"T",10,0,-0.136743796849583,-1.2
35,"VAL",0.062,5.166,-20.028,"Transmembrane","TMD",0.11818002757534,1.98936379751822,1.00623440742493,"V",20,0,-0.136743796849583,-2.6
36,"GLU",-1.028,4.992,-23.715,"Transmembrane","TMD",0,99.3894031908607,1.07420766353607,"E",10,0,-1.13574479585058,8.2
37,"SER",-1.087,8.862,-23.879,"Transmembrane","TMD",0,42.5054165845972,0.955797910690308,"S",10,1,-0.136743796849583,-0.6
38,"LEU",2.504,8.526,-22.523,"Periplasmic","ECD",0,0.0196966712625566,0.859057009220123,"L",10,1,-0.136743796849583,-2.8
39,"ASN",3.324,6.201,-25.463,"Periplasmic","ECD",0,47.1932243450857,0.981101393699646,"N",10,0,-0.136743796849583,4.8
40,"THR",2.286,8.711,-28.182,"Periplasmic","ECD",0,52.5310222572385,1.07676649093628,"T",10,0,-0.136743796849583,-1.2
41,"VAL",4.241,11.631,-26.52,"Periplasmic","ECD",0,32.4404175694308,1.03383088111877,"V",10,1,-0.136743796849583,-2.6
42,"PHE",7.457,9.739,-25.394,"Periplasmic","ECD",0,22.9072286783534,1.14975118637085,"F",80,0,-0.136743796849583,-3.7
43,"VAL",7.719,6.675,-27.686,"Periplasmic","ECD",0.413630096513689,20.8587748670475,1.37339520454407,"V",10,1,-0.136743796849583,-2.6
44,"ALA",6.066,7.565,-31.068,"Periplasmic","ECD",0.315146740200906,37.5221587551704,1.74247610569,"A",10,0,-0.136743796849583,-1.6
45,"PRO",7.755,10.919,-32.241,"Periplasmic","ECD",0.0196966712625566,42.8599566673232,2.25769591331482,"P",10,0,-0.136743796849583,0.2
46,"GLN",11.287,9.665,-31.379,"Periplasmic","ECD",4.86507780185149,76.0488477447311,2.42963790893555,"Q",10,0,-0.136743796849583,4.1
47,"ASN",10.295,6.248,-32.897,"Periplasmic","ECD",2.18633051014379,81.2684656293087,2.58128094673157,"N",20,0,-0.136743796849583,4.8
48,"LEU",11.738,4.352,-29.933,"Periplasmic","ECD",0.354540082726019,42.0523931455584,1.84677290916443,"L",10,0,-0.136743796849583,-2.8
49,"SER",11.935,0.535,-30.437,"Periplasmic","ECD",0.354540082726019,70.8686232026787,1.73814535140991,"S",20,0,-0.136743796849583,-0.6
50,"GLU",9.312,-1.785,-28.819,"Periplasmic","ECD",0.0196966712625566,99.6060665747489,1.62904143333435,"E",10,0,-1.13574479585058,8.2
51,"SER",11.197,-3.675,-26.038,"Periplasmic","ECD",0,73.0155603702974,1.70019471645355,"S",10,0,-0.136743796849583,-0.6
52,"ALA",12.88,-0.472,-24.922,"Periplasmic","ECD",0,11.7786094150089,1.52761626243591,"A",10,0,-0.136743796849583,-1.6
53,"ALA",9.575,1.542,-25.098,"Periplasmic","ECD",0,0.216663383888123,1.23654222488403,"A",70,1,-0.136743796849583,-1.6
54,"ASN",7.78,-1.075,-22.886,"Periplasmic","ECD",0,63.0490447114438,1.25423693656921,"N",20,0,-0.136743796849583,4.8
55,"SER",10.687,-1.03,-20.478,"Transmembrane","TMD",0,48.5522946622021,1.30550146102905,"S",10,0,-0.136743796849583,-0.6
56,"LEU",10.318,2.87,-20.25,"Transmembrane","TMD",0,0.0393933425251133,1.13395416736603,"L",30,0,-0.136743796849583,-2.8
57,"LEU",6.426,2.714,-19.68,"Transmembrane","TMD",0,3.01359070317116,1.01453518867493,"L",10,1,-0.136743796849583,-2.8
58,"GLY",7.106,-0.096,-17.109,"Transmembrane","TMD",0,6.44081150285602,1.0478949546814,"G",10,1,-0.136743796849583,-1
59,"PHE",9.941,2.136,-15.579,"Transmembrane","TMD",0,0.768170179239708,1.00425708293915,"F",20,0,-0.136743796849583,-3.7
60,"CYS",7.346,4.841,-15.036,"Transmembrane","TMD",0,18.9285010833169,0.892905712127686,"C",10,2,-0.210331352967156,-2
61,"VAL",5.68,2.542,-12.481,"Transmembrane","TMD",0,2.38329722276935,0.893435060977936,"V",10,0,-0.136743796849583,-2.6
62,"ALA",8.952,1.074,-11.058,"Transmembrane","TMD",0,0.0393933425251133,0.8951216340065,"A",10,1,-0.136743796849583,-1.6
63,"SER",10.55,4.411,-10.405,"Transmembrane","TMD",0,3.998424266299,0.840406060218811,"S",10,1,-0.136743796849583,-0.6
64,"ALA",7.56,5.378,-8.161,"Transmembrane","TMD",0,0.157573370100453,0.750265121459961,"A",70,0,-0.136743796849583,-1.6
65,"LEU",8.13,2.007,-6.315,"Transmembrane","TMD",0,0,0.731765806674957,"L",10,1,-0.136743796849583,-2.8
66,"ILE",11.736,3.315,-5.826,"Transmembrane","TMD",0,0,0.799070715904236,"I",20,1,-0.136743796849583,-3.1
67,"GLY",10.246,6.444,-4.136,"Transmembrane","TMD",0,0,0.731566071510315,"G",80,1,-0.136743796849583,-1
68,"CYS",8.105,4.222,-1.835,"Transmembrane","TMD",0,0.157573370100453,0.666917860507965,"C",10,3,-0.210331352967156,-2
69,"ILE",11.21,2.414,-0.373,"Transmembrane","TMD",0,0,0.768260419368744,"I",20,1,-0.136743796849583,-3.1
70,"ILE",12.808,5.869,-0.008,"Transmembrane","TMD",0,0.0393933425251133,0.819422423839569,"I",30,0,-0.136743796849583,-3.1
71,"GLY",9.533,7.057,1.779,"Transmembrane","TMD",0,0.0590900137876699,0.742563962936401,"G",100,1,-0.136743796849583,-1
72,"GLY",9.533,3.887,4.045,"Transmembrane","TMD",0,1.14240693322828,0.802568197250366,"G",10,0,-0.136743796849583,-1
73,"ALA",13.041,4.782,5.249,"Transmembrane","TMD",0,17.549734094938,0.959582567214966,"A",20,0,-0.136743796849583,-1.6
74,"LEU",12.147,8.467,5.72,"Transmembrane","TMD",0,0,1.08652603626251,"L",20,0,-0.136743796849583,-2.8
75,"GLY",8.71,7.606,7.293,"Transmembrane","TMD",0,0.0393933425251133,0.804438352584839,"G",10,1,-0.136743796849583,-1
76,"GLY",10.343,6.064,10.362,"Transmembrane","TMD",0,5.8105180224542,1.12845695018768,"G",10,0,-0.136743796849583,-1
77,"TYR",12.342,9.213,11.289,"Transmembrane","TMD",0,29.7419736064605,0.911298632621765,"Y",10,0,-0.139249389516868,0.7
78,"CYS",9.287,11.249,10.311,"Transmembrane","TMD",0,0,0.82399308681488,"C",20,0,-0.210331352967156,-2
79,"SER",6.999,9.087,12.582,"Transmembrane","TMD",0,37.7979121528462,1.10769331455231,"S",10,0,-0.136743796849583,-0.6
80,"ASN",9.139,9.877,15.617,"Transmembrane","TMD",0,70.1398463659642,1.13301646709442,"N",10,1,-0.136743796849583,4.8
81,"ARG",9.96,13.502,14.751,"Cytoplasmic","CD",0.275753397675793,71.301949970455,1.05597257614136,"R",10,0,0.863231084917044,12.3
82,"PHE",6.713,15.226,13.532,"Cytoplasmic","CD",0,44.0614536143392,1.13304650783539,"F",10,0,-0.136743796849583,-3.7
83,"GLY",4.32,12.364,14.683,"Cytoplasmic","CD",0,0.0590900137876699,1.23394536972046,"G",10,0,-0.136743796849583,-1
84,"ARG",1.963,10.485,12.354,"Cytoplasmic","CD",0,55.662792987985,0.941189229488373,"R",10,2,0.863231084917044,12.3
85,"ARG",-0.688,13.2,11.602,"Transmembrane","TMD",0,60.8036241875123,0.767364025115967,"R",10,2,0.863231084917044,12.3
86,"ASP",1.641,16.197,10.749,"Transmembrane","TMD",0,85.6214299783337,0.781350553035736,"D",10,0,-1.13574479585058,9.2
87,"SER",3.837,13.817,8.715,"Transmembrane","TMD",0,0,0.667474806308746,"S",10,1,-0.136743796849583,-0.6
88,"LEU",0.714,13.009,6.575,"Transmembrane","TMD",0,0,0.569449782371521,"L",80,2,-0.136743796849583,-2.8
89,"LYS",0.762,16.801,5.559,"Transmembrane","TMD",0,63.2460114240693,0.62304824590683,"K",10,2,0.860750610483132,8.8
90,"ILE",4.29,15.991,4.137,"Transmembrane","TMD",0,0,0.645631790161133,"I",10,0,-0.136743796849583,-3.1
91,"ALA",2.808,13.258,1.994,"Transmembrane","TMD",0,0.0196966712625566,0.569991111755371,"A",10,0,-0.136743796849583,-1.6
92,"ALA",0.039,15.443,0.524,"Transmembrane","TMD",0,0.0393933425251133,0.557322919368744,"A",10,1,-0.136743796849583,-1.6
93,"VAL",2.552,18.195,-0.36,"Transmembrane","TMD",0,0,0.583640873432159,"V",10,0,-0.136743796849583,-2.6
94,"LEU",4.421,15.613,-2.451,"Transmembrane","TMD",0,0,0.582618057727814,"L",10,0,-0.136743796849583,-2.8
95,"PHE",1.26,14.613,-4.438,"Transmembrane","TMD",0,28.7965333858578,0.600597381591797,"F",10,2,-0.136743796849583,-3.7
96,"PHE",0.659,18.309,-5.084,"Transmembrane","TMD",0,0,0.6287442445755,"F",10,0,-0.136743796849583,-3.7
97,"ILE",4.13,18.542,-6.64,"Transmembrane","TMD",0,0.0393933425251133,0.644194662570953,"I",10,0,-0.136743796849583,-3.1
98,"SER",3.799,15.036,-8.245,"Transmembrane","TMD",0,46.602324207209,0.577825367450714,"S",10,1,-0.136743796849583,-0.6
99,"GLY",0.326,15.598,-10.161,"Transmembrane","TMD",0,0,0.6099494099617,"G",80,1,-0.136743796849583,-1
100,"VAL",1.19,19.337,-11.073,"Transmembrane","TMD",0,1.89088044120544,0.659002482891083,"V",50,1,-0.136743796849583,-2.6
101,"GLY",4.649,18.308,-12.375,"Transmembrane","TMD",0,0.0984833563127831,0.626317381858826,"G",20,1,-0.136743796849583,-1
102,"SER",3.25,15.253,-14.142,"Transmembrane","TMD",0,0.196966712625566,0.582603275775909,"S",10,2,-0.136743796849583,-0.6
103,"ALA",0.361,17.164,-15.868,"Periplasmic","ECD",0,0.0196966712625566,0.629587888717651,"A",20,1,-0.136743796849583,-1.6
104,"TRP",2.325,20.208,-16.907,"Periplasmic","ECD",0,49.0250147725034,0.708709597587585,"W",60,0,-0.136743796849583,-1.9
105,"PRO",6.155,19.92,-16.808,"Periplasmic","ECD",0,31.5146740200906,0.792174577713013,"P",90,0,-0.136743796849583,0.2
106,"GLU",6.63,22.622,-19.369,"Periplasmic","ECD",0,82.272995863699,1.05990386009216,"E",20,2,-1.13574479585058,8.2
107,"LEU",4.766,25.219,-17.248,"Periplasmic","ECD",0.275753397675793,20.9375615520977,1.8667528629303,"L",10,0,-0.136743796849583,-2.8
108,"GLY",7.386,27.559,-15.8,"Periplasmic","ECD",0,39.7084892653142,2.23621273040771,"G",10,0,-0.136743796849583,-1
109,"PHE",9.383,27.386,-19.06,"Periplasmic","ECD",0.0393933425251133,36.6358085483553,1.86947464942932,"F",10,0,-0.136743796849583,-3.7
110,"THR",6.719,27.935,-21.78,"Periplasmic","ECD",0.590900137876699,57.2779200315147,2.07486462593079,"T",20,0,-0.136743796849583,-1.2
111,"SER",2.964,28.218,-22.48,"Periplasmic","ECD",0.0984833563127831,71.2034666141422,2.84867286682129,"S",10,0,-0.136743796849583,-0.6
112,"ILE",0.818,25.083,-22.343,"Periplasmic","ECD",0.295450068938349,50.4628717746701,3.45700645446777,"I",70,0,-0.136743796849583,-3.1
113,"ASN",-0.445,23.849,-25.736,"Periplasmic","ECD",1.59543037226709,76.8761079377585,3.62859606742859,"N",10,0,-0.136743796849583,4.8
114,"PRO",-0.464,27.099,-27.831,"Periplasmic","ECD",0.0393933425251133,47.1735276738231,4.27903366088867,"P",10,0,-0.136743796849583,0.2
115,"ASP",-1.504,25.64,-31.178,"Periplasmic","ECD",5.45597793972819,99.5666732322238,3.78530740737915,"D",10,0,-1.13574479585058,9.2
116,"ASN",-3.794,23.093,-29.402,"Periplasmic","ECD",2.46208390781958,74.0200906046878,3.73966097831726,"N",10,0,-0.136743796849583,4.8
117,"THR",-2.192,19.863,-30.754,"Periplasmic","ECD",1.29998030332874,79.0230451053772,2.89345741271973,"T",10,0,-0.136743796849583,-1.2
118,"VAL",-0.395,16.64,-29.352,"Periplasmic","ECD",0.630293480401812,33.2479810911956,2.30788612365723,"V",10,0,-0.136743796849583,-2.6
119,"PRO",2.662,17.621,-27.352,"Periplasmic","ECD",0.590900137876699,41.225132952531,1.48156118392944,"P",10,0,-0.136743796849583,0.2
120,"VAL",5.349,15.62,-29.128,"Periplasmic","ECD",0.0393933425251133,49.7340949379555,1.81541526317596,"V",20,0,-0.136743796849583,-2.6
121,"TYR",8.181,17.539,-27.464,"Periplasmic","ECD",0.0393933425251133,63.836911561946,1.41293466091156,"Y",20,0,-0.139249389516868,0.7
122,"LEU",7.29,15.945,-24.142,"Periplasmic","ECD",0.0393933425251133,1.41816033090408,1.09506213665009,"L",80,1,-0.136743796849583,-2.8
123,"ALA",9.991,13.314,-24.866,"Periplasmic","ECD",0,44.0023636005515,1.26347851753235,"A",10,0,-0.136743796849583,-1.6
124,"GLY",12.442,16.123,-23.932,"Periplasmic","ECD",0,29.3480401812094,1.27936673164368,"G",10,0,-0.136743796849583,-1
125,"TYR",10.858,16.072,-20.402,"Transmembrane","TMD",0,51.2507386251723,0.972930312156677,"Y",20,1,-0.139249389516868,0.7
126,"VAL",11.332,12.309,-19.453,"Transmembrane","TMD",0,0.0984833563127831,0.912236928939819,"V",10,0,-0.136743796849583,-2.6
127,"PRO",13.801,12.907,-16.502,"Transmembrane","TMD",0,6.42111483159346,0.935220956802368,"P",10,0,-0.136743796849583,0.2
128,"GLU",11.494,15.726,-15.236,"Transmembrane","TMD",0,86.941106952925,0.871434688568115,"E",10,0,-1.13574479585058,8.2
129,"PHE",8.438,13.318,-15.547,"Transmembrane","TMD",0,0,0.707178592681885,"F",20,1,-0.136743796849583,-3.7
130,"VAL",10.224,10.316,-13.971,"Transmembrane","TMD",0,0,0.70587170124054,"V",70,1,-0.136743796849583,-2.6
131,"ILE",11.44,12.745,-11.102,"Transmembrane","TMD",0,0,0.703254818916321,"I",20,0,-0.136743796849583,-3.1
132,"TYR",7.87,13.774,-10.333,"Transmembrane","TMD",0,51.5067953515856,0.600909531116486,"Y",70,2,-0.139249389516868,0.7
133,"ARG",6.722,10.146,-10.468,"Transmembrane","TMD",0,87.4532204057514,0.585960209369659,"R",70,1,0.863231084917044,12.3
134,"ILE",9.353,9.378,-7.808,"Transmembrane","TMD",0,0,0.612506806850433,"I",10,1,-0.136743796849583,-3.1
135,"ILE",8.212,12.544,-5.765,"Transmembrane","TMD",0,0,0.598495304584503,"I",10,0,-0.136743796849583,-3.1
136,"GLY",4.758,10.895,-5.891,"Transmembrane","TMD",0,9.53318889107741,0.60499233007431,"G",10,0,-0.136743796849583,-1
137,"GLY",6.178,7.439,-5.081,"Transmembrane","TMD",0,0.0393933425251133,0.610492885112762,"G",10,2,-0.136743796849583,-1
138,"ILE",7.513,9.051,-1.896,"Transmembrane","TMD",0,0,0.615338385105133,"I",20,0,-0.136743796849583,-3.1
139,"GLY",4.003,10.615,-1.338,"Transmembrane","TMD",0,0,0.685535490512848,"G",10,0,-0.136743796849583,-1
140,"VAL",2.417,7.061,-1.658,"Transmembrane","TMD",0,0.374236753988576,0.701722621917725,"V",80,3,-0.136743796849583,-2.6
141,"GLY",5.328,5.714,0.505,"Transmembrane","TMD",0,5.6332479810912,0.70922863483429,"G",10,1,-0.136743796849583,-1
142,"LEU",4.58,8.163,3.353,"Transmembrane","TMD",0,0,0.74086207151413,"L",70,0,-0.136743796849583,-2.8
143,"ALA",0.801,8.044,2.625,"Transmembrane","TMD",0,3.88024423872366,0.852618098258972,"A",70,0,-0.136743796849583,-1.6
144,"SER",0.826,4.134,2.919,"Transmembrane","TMD",0,39.7872759503644,0.917811393737793,"S",10,0,-0.136743796849583,-0.6
145,"MET",2.967,3.547,5.96,"Transmembrane","TMD",0,1.26058696080362,0.885446727275848,"M",60,1,-0.136743796849583,-3.4
146,"LEU",1.471,6.335,8.241,"Transmembrane","TMD",0,0.0590900137876699,0.713699162006378,"L",80,2,-0.136743796849583,-2.8
147,"SER",-2.314,5.978,7.576,"Transmembrane","TMD",0,20.7208981682096,0.878073334693909,"S",10,0,-0.136743796849583,-0.6
148,"PRO",-3.138,2.591,9.259,"Transmembrane","TMD",0,3.52570415599764,1.0932559967041,"P",10,0,-0.136743796849583,0.2
149,"MET",-0.68,3.532,12.052,"Transmembrane","TMD",0,5.53476462477841,0.955209672451019,"M",10,1,-0.136743796849583,-3.4
150,"TYR",-2.3,6.985,12.616,"Transmembrane","TMD",0,0.275753397675793,0.727486908435822,"Y",10,2,-0.139249389516868,0.7
151,"ILE",-5.497,4.996,13.269,"Cytoplasmic","CD",0,0.137876698837896,0.868605077266693,"I",10,1,-0.136743796849583,-3.1
152,"ALA",-3.622,2.253,15.319,"Cytoplasmic","CD",0,39.7478826078393,0.981618344783783,"A",10,0,-0.136743796849583,-1.6
153,"GLU",-2.381,4.994,17.777,"Cytoplasmic","CD",0,80.0866653535552,0.859413862228394,"E",10,3,-1.13574479585058,8.2
154,"LEU",-5.787,6.546,18.418,"Cytoplasmic","CD",0,13.4725231435887,0.782267868518829,"L",10,1,-0.136743796849583,-2.8
155,"ALA",-8.357,3.654,18.084,"Cytoplasmic","CD",0.0196966712625566,39.9645459917274,0.754783928394318,"A",10,0,-0.136743796849583,-1.6
156,"PRO",-9.83,2.007,21.151,"Cytoplasmic","CD",0,0.374236753988576,0.942976593971252,"P",10,0,-0.136743796849583,0.2
157,"ALA",-8.821,-1.624,21.388,"Cytoplasmic","CD",0.11818002757534,55.1506795351586,1.14006328582764,"A",10,0,-0.136743796849583,-1.6
158,"HSD",-11.853,-3.665,20.395,"Cytoplasmic","CD",0,85.6608233208588,1.10339295864105,"H",10,0,-0.0249280270714658,3
159,"ILE",-12.835,-1.52,17.312,"Cytoplasmic","CD",0.0393933425251133,0.17727004136301,0.901114165782928,"I",10,0,-0.136743796849583,-3.1
160,"ARG",-9.176,-1.448,16.033,"Transmembrane","TMD",0.0196966712625566,85.6411266495962,0.821672201156616,"R",10,0,0.863231084917044,12.3
161,"GLY",-9.298,-4.103,13.297,"Transmembrane","TMD",0,10.9907425645066,0.894205808639526,"G",10,0,-0.136743796849583,-1
162,"LYS",-12.408,-2.71,11.727,"Transmembrane","TMD",0,42.5054165845972,0.804177284240723,"K",10,1,0.860750610483132,8.8
163,"LEU",-11.105,0.931,11.842,"Transmembrane","TMD",0,0.807563521764822,0.697775363922119,"L",10,1,-0.136743796849583,-2.8
164,"VAL",-7.766,-0.367,10.336,"Transmembrane","TMD",0,2.48178057908214,0.747095167636871,"V",10,0,-0.136743796849583,-2.6
165,"SER",-9.436,-2.676,7.731,"Transmembrane","TMD",0,2.10754382509356,0.762989819049835,"S",10,1,-0.136743796849583,-0.6
166,"PHE",-11.616,0.181,6.528,"Transmembrane","TMD",0,0.11818002757534,0.729387760162354,"F",10,1,-0.136743796849583,-3.7
167,"ASN",-8.369,1.756,5.184,"Transmembrane","TMD",0,20.3663580854836,0.720429718494415,"N",10,0,-0.136743796849583,4.8
168,"GLN",-8.008,-1.365,2.855,"Transmembrane","TMD",0,52.2158755170376,0.735388219356537,"Q",10,1,-0.136743796849583,4.1
169,"PHE",-11.559,-0.701,1.696,"Transmembrane","TMD",0,0,0.705982148647308,"F",10,3,-0.136743796849583,-3.7
170,"ALA",-10.809,2.974,0.891,"Transmembrane","TMD",0,0.0393933425251133,0.665787518024445,"A",20,0,-0.136743796849583,-1.6
171,"ILE",-7.822,1.873,-1.294,"Transmembrane","TMD",0,0.433326767776246,0.605433881282806,"I",70,1,-0.136743796849583,-3.1
172,"ILE",-9.986,-0.55,-3.257,"Transmembrane","TMD",0,1.20149694701595,0.626734256744385,"I",10,2,-0.136743796849583,-3.1
173,"PHE",-12.833,2.06,-3.505,"Transmembrane","TMD",0,0.0590900137876699,0.671019852161407,"F",20,0,-0.136743796849583,-3.7
174,"GLY",-10.435,4.626,-4.795,"Transmembrane","TMD",0,0,0.663974702358246,"G",100,0,-0.136743796849583,-1
175,"GLN",-9.235,2.23,-7.451,"Transmembrane","TMD",0,49.9310616505811,0.655476868152618,"Q",10,0,-0.136743796849583,4.1
176,"LEU",-12.941,1.329,-8.421,"Transmembrane","TMD",0,0,0.764780938625336,"L",10,1,-0.136743796849583,-2.8
177,"LEU",-13.696,4.924,-8.921,"Transmembrane","TMD",0,0,0.852592349052429,"L",20,0,-0.136743796849583,-2.8
178,"VAL",-10.567,5.806,-11.008,"Transmembrane","TMD",0,0.17727004136301,0.916586458683014,"V",10,2,-0.136743796849583,-2.6
179,"TYR",-11.025,2.778,-13.341,"Transmembrane","TMD",0,37.5024620839078,0.911433219909668,"Y",10,1,-0.139249389516868,0.7
180,"CYS",-14.504,3.88,-14.24,"Transmembrane","TMD",0,0,0.958019971847534,"C",10,0,-0.210331352967156,-2
181,"VAL",-13.628,7.636,-14.62,"Transmembrane","TMD",0,0.0196966712625566,1.1136087179184,"V",10,0,-0.136743796849583,-2.6
182,"ASN",-10.665,6.682,-16.91,"Transmembrane","TMD",0,55.3279495765216,1.18928647041321,"N",10,1,-0.136743796849583,4.8
183,"TYR",-13.112,4.995,-19.345,"Transmembrane","TMD",0,46.8583809336222,1.2529513835907,"Y",10,0,-0.139249389516868,0.7
184,"PHE",-15.532,7.996,-19.196,"Transmembrane","TMD",0,3.95903092377388,1.37737190723419,"F",10,0,-0.136743796849583,-3.7
185,"ILE",-12.813,10.553,-19.922,"Transmembrane","TMD",0,20.8587748670475,1.66117703914642,"I",20,0,-0.136743796849583,-3.1
186,"ALA",-11.505,8.303,-22.814,"Transmembrane","TMD",0,44.2978136694899,1.79611754417419,"A",10,0,-0.136743796849583,-1.6
187,"ARG",-14.93,7.598,-24.101,"Transmembrane","TMD",0.0787866850502265,62.1036044908411,1.85761904716492,"R",10,0,0.863231084917044,12.3
188,"SER",-16.518,11.082,-23.987,"Periplasmic","ECD",1.41816033090408,54.7173527673823,2.13073301315308,"S",70,0,-0.136743796849583,-0.6
189,"GLY",-13.8,13.315,-25.457,"Periplasmic","ECD",0,47.1932243450857,3.15149998664856,"G",10,0,-0.136743796849583,-1
190,"ASP",-11.777,12.894,-28.694,"Periplasmic","ECD",12.1922395115226,98.6606263541461,2.28773427009583,"D",10,0,-1.13574479585058,9.2
191,"ALA",-8.221,11.181,-29.131,"Periplasmic","ECD",0.630293480401812,16.1906637778215,1.62210476398468,"A",10,0,-0.136743796849583,-1.6
192,"SER",-6.591,14.496,-30.154,"Periplasmic","ECD",0.433326767776246,55.3279495765216,1.53913521766663,"S",20,0,-0.136743796849583,-0.6
193,"TRP",-7.892,16.08,-26.892,"Periplasmic","ECD",0,30.3131770730746,1.30211186408997,"W",20,1,-0.136743796849583,-1.9
194,"LEU",-6.996,12.875,-25.003,"Periplasmic","ECD",0,12.9801063620248,1.13430905342102,"L",10,0,-0.136743796849583,-2.8
195,"ASN",-3.369,13.079,-25.835,"Periplasmic","ECD",0,61.9657277920032,1.27989327907562,"N",10,1,-0.136743796849583,4.8
196,"THR",-3.501,16.926,-25.757,"Periplasmic","ECD",1.69391372857987,58.1642702383297,1.33302974700928,"T",20,0,-0.136743796849583,-1.2
197,"ASP",-5.111,17.93,-22.502,"Periplasmic","ECD",0.0393933425251133,98.7394130391964,1.21189761161804,"D",10,0,-1.13574479585058,9.2
198,"GLY",-7.12,14.792,-21.287,"Periplasmic","ECD",0,0.393933425251133,0.970222949981689,"G",90,0,-0.136743796849583,-1
199,"TRP",-4.039,12.848,-19.884,"Periplasmic","ECD",0,1.73330707110498,0.819432199001312,"W",10,0,-0.136743796849583,-1.9
200,"ARG",-2.783,15.84,-17.982,"Transmembrane","TMD",0,60.9021075438251,0.741658508777618,"R",10,2,0.863231084917044,12.3
201,"TYR",-6.25,16.239,-16.237,"Transmembrane","TMD",0,49.3598581839669,0.766495227813721,"Y",80,1,-0.139249389516868,0.7
202,"MET",-5.882,12.686,-14.914,"Transmembrane","TMD",0,2.44238723655702,0.71100240945816,"M",10,0,-0.136743796849583,-3.4
203,"PHE",-2.526,13.563,-13.385,"Transmembrane","TMD",0,4.60902107543825,0.632624864578247,"F",20,2,-0.136743796849583,-3.7
204,"ALA",-4.267,16.768,-12.03,"Transmembrane","TMD",0,2.99389403190861,0.694087028503418,"A",50,0,-0.136743796849583,-1.6
205,"SER",-6.755,14.498,-10.294,"Transmembrane","TMD",0,3.03328737443372,0.743546068668365,"S",60,0,-0.136743796849583,-0.6
206,"GLU",-3.82,12.946,-8.179,"Transmembrane","TMD",0,80.3230254087059,0.771152794361115,"E",10,0,-1.13574479585058,8.2
207,"CYS",-3.827,16.313,-6.294,"Transmembrane","TMD",0,0,0.749603152275085,"C",10,2,-0.210331352967156,-2
208,"ILE",-7.666,16.31,-5.67,"Transmembrane","TMD",0,5.86960803624188,0.99571567773819,"I",10,0,-0.136743796849583,-3.1
209,"PRO",-7.602,14.267,-2.308,"Transmembrane","TMD",0,0,0.864579796791077,"P",20,0,-0.136743796849583,0.2
210,"ALA",-4.188,15.763,-1.294,"Transmembrane","TMD",0,0.0196966712625566,0.653120934963226,"A",10,0,-0.136743796849583,-1.6
211,"LEU",-5.257,19.421,-1.022,"Transmembrane","TMD",0,0,0.750921905040741,"L",10,0,-0.136743796849583,-2.8
212,"LEU",-8.499,18.629,0.976,"Transmembrane","TMD",0,0,0.800569295883179,"L",10,0,-0.136743796849583,-2.8
213,"PHE",-6.609,16.067,3.102,"Transmembrane","TMD",0,0,0.638520658016205,"F",10,2,-0.136743796849583,-3.7
214,"LEU",-3.874,18.666,3.88,"Transmembrane","TMD",0,0,0.666997134685516,"L",30,0,-0.136743796849583,-2.8
215,"MET",-6.548,20.997,5.143,"Transmembrane","TMD",0,2.89541067559582,0.788457989692688,"M",10,0,-0.136743796849583,-3.4
216,"LEU",-8.425,18.282,7.154,"Transmembrane","TMD",0,0.11818002757534,0.723454594612122,"L",10,1,-0.136743796849583,-2.8
217,"LEU",-5.244,17.313,9.045,"Transmembrane","TMD",0,1.93027378373055,0.689875304698944,"L",30,2,-0.136743796849583,-2.8
218,"TYR",-5.487,20.614,10.903,"Transmembrane","TMD",0,54.5597793972819,0.915889084339142,"Y",10,1,-0.139249389516868,0.7
219,"THR",-8.866,19.855,12.861,"Transmembrane","TMD",0.0787866850502265,51.7234587354737,1.03983807563782,"T",10,0,-0.136743796849583,-1.2
220,"VAL",-8.069,16.182,13.747,"Transmembrane","TMD",0.0196966712625566,3.48631081347252,0.740393936634064,"V",10,1,-0.136743796849583,-2.6
221,"PRO",-6.295,15.382,17.148,"Cytoplasmic","CD",0,0,0.734099924564362,"P",10,1,-0.136743796849583,0.2
222,"GLU",-2.691,14.948,18.157,"Cytoplasmic","CD",0.0393933425251133,94.090998621233,0.891132533550262,"E",10,1,-1.13574479585058,8.2
223,"SER",-1.467,11.343,18.991,"Cytoplasmic","CD",0.0196966712625566,17.6285207799882,0.771470487117767,"S",10,1,-0.136743796849583,-0.6
224,"PRO",-1.511,10.816,22.843,"Cytoplasmic","CD",0,0,0.856572031974792,"P",10,0,-0.136743796849583,0.2
225,"ARG",1.369,8.249,22.47,"Cytoplasmic","CD",0,87.7683671459523,0.983054161071777,"R",10,0,0.863231084917044,12.3
226,"TRP",3.706,10.795,20.67,"Cytoplasmic","CD",0,5.67264132361631,0.971968531608582,"W",90,1,-0.136743796849583,-1.9
227,"LEU",2.574,13.838,22.923,"Cytoplasmic","CD",0,0,1.0363382101059,"L",20,2,-0.136743796849583,-2.8
228,"MET",3.716,11.836,26.185,"Cytoplasmic","CD",0,37.2857987000197,1.24024057388306,"M",10,2,-0.136743796849583,-3.4
229,"SER",7.066,11.159,24.532,"Cytoplasmic","CD",0,71.3610399842427,1.37585175037384,"S",10,0,-0.136743796849583,-0.6
230,"ARG",7.498,14.96,24.028,"Cytoplasmic","CD",0,84.6956864289935,1.40337586402893,"R",20,0,0.863231084917044,12.3
231,"GLY",5.945,15.488,27.542,"Cytoplasmic","CD",0,37.9357888516841,1.58816492557526,"G",10,0,-0.136743796849583,-1
232,"LYS",2.746,17.363,26.937,"Cytoplasmic","CD",0.0196966712625566,70.7898365176285,1.44887804985046,"K",10,0,0.860750610483132,8.8
233,"GLN",1.033,14.993,29.395,"Cytoplasmic","CD",0.0787866850502265,58.5779003348434,1.43318223953247,"Q",10,0,-0.136743796849583,4.1
234,"GLU",-2.094,17.201,30.085,"Cytoplasmic","CD",0,99.7636399448493,1.47885823249817,"E",10,0,-1.13574479585058,8.2
235,"GLN",-2.932,17.317,26.282,"Cytoplasmic","CD",0,69.745912940713,1.3335907459259,"Q",60,0,-0.136743796849583,4.1
236,"ALA",-2.312,13.526,26.037,"Cytoplasmic","CD",0,0,1.13235652446747,"A",50,2,-0.136743796849583,-1.6
237,"GLU",-4.636,12.705,28.774,"Cytoplasmic","CD",0,98.7197163679338,1.12124884128571,"E",20,0,-1.13574479585058,8.2
238,"GLY",-7.241,15.184,27.356,"Cytoplasmic","CD",0,20.346661414221,1.18663644790649,"G",60,0,-0.136743796849583,-1
239,"ILE",-7.219,13.653,23.747,"Cytoplasmic","CD",0,0.137876698837896,1.04625141620636,"I",10,1,-0.136743796849583,-3.1
240,"LEU",-7.509,10.327,25.621,"Cytoplasmic","CD",0,0,1.01005971431732,"L",10,2,-0.136743796849583,-2.8
241,"ARG",-10.462,11.578,27.768,"Cytoplasmic","CD",0,85.8577900334843,1.13423526287079,"R",10,0,0.863231084917044,12.3
242,"LYS",-12.374,12.961,24.638,"Cytoplasmic","CD",0.0196966712625566,79.476068544416,1.16973471641541,"K",10,1,0.860750610483132,8.8
243,"ILE",-11.896,9.595,22.894,"Cytoplasmic","CD",0,42.1705731731337,1.18648660182953,"I",20,0,-0.136743796849583,-3.1
244,"MET",-12.507,7.159,25.9,"Cytoplasmic","CD",0.0590900137876699,24.2466023242072,1.45863378047943,"M",10,0,-0.136743796849583,-3.4
245,"GLY",-13.659,9.102,28.999,"Cytoplasmic","CD",0,19.4209178648808,1.74850285053253,"G",20,0,-0.136743796849583,-1
246,"ASN",-12.258,9.606,32.486,"Cytoplasmic","CD",0.137876698837896,67.6777624581446,1.86537277698517,"N",10,0,-0.136743796849583,4.8
247,"THR",-12.345,5.999,33.807,"Cytoplasmic","CD",0,74.8867441402403,2.13934922218323,"T",10,0,-0.136743796849583,-1.2
248,"LEU",-10.188,4.643,31.032,"Cytoplasmic","CD",0,24.6405357494583,1.88054728507996,"L",20,0,-0.136743796849583,-2.8
249,"ALA",-8.065,7.669,30.086,"Cytoplasmic","CD",0,0.590900137876699,1.49163258075714,"A",10,1,-0.136743796849583,-1.6
250,"THR",-6.688,8.147,33.648,"Cytoplasmic","CD",0,50.1674217057317,1.79766047000885,"T",10,0,-0.136743796849583,-1.2
251,"GLN",-5.196,4.546,33.631,"Cytoplasmic","CD",0,70.3565097498523,1.91462898254395,"Q",70,0,-0.136743796849583,4.1
252,"ALA",-4.358,4.692,29.961,"Cytoplasmic","CD",0,6.6771715580067,1.48678755760193,"A",60,0,-0.136743796849583,-1.6
253,"VAL",-1.858,7.671,30.192,"Cytoplasmic","CD",0,0.866653535552492,1.42991805076599,"V",10,1,-0.136743796849583,-2.6
254,"GLN",0.083,5.799,32.975,"Cytoplasmic","CD",0,61.3748276541264,1.76195812225342,"Q",10,0,-0.136743796849583,4.1
255,"GLU",0.048,2.674,31.005,"Cytoplasmic","CD",0,99.3894031908607,1.58331024646759,"E",10,0,-1.13574479585058,8.2
256,"ILE",1.507,4.929,28.219,"Cytoplasmic","CD",0,1.35907031711641,1.20784556865692,"I",10,1,-0.136743796849583,-3.1
257,"LYS",4.098,6.466,30.615,"Cytoplasmic","CD",0,74.8473507977152,1.58699405193329,"K",10,0,0.860750610483132,8.8
258,"HSD",5.361,3.008,31.825,"Cytoplasmic","CD",0,66.4959621823912,1.73386669158936,"H",10,0,-0.0249280270714658,3
259,"SER",5.25,1.607,28.328,"Cytoplasmic","CD",0,56.9627732913138,1.35889482498169,"S",10,0,-0.136743796849583,-0.6
260,"LEU",7.642,4.318,27.118,"Cytoplasmic","CD",0,17.6482174512507,1.56314623355865,"L",10,0,-0.136743796849583,-2.8
261,"ASP",9.972,4.025,30.191,"Cytoplasmic","CD",0,98.7197163679338,1.99892330169678,"D",10,0,-1.13574479585058,9.2
262,"HSD",10.355,0.312,29.73,"Cytoplasmic","CD",0,66.5156588536537,1.86632764339447,"H",10,0,-0.0249280270714658,3
263,"GLY",10.591,0.498,25.847,"Cytoplasmic","CD",0,26.9253496159149,1.72212779521942,"G",10,0,-0.136743796849583,-1
264,"ARG",13.407,3.064,25.721,"Cytoplasmic","CD",0.0590900137876699,89.2259208193815,2.24159693717957,"R",10,0,0.863231084917044,12.3
265,"LYS",15.596,0.491,27.542,"Cytoplasmic","CD",0,82.3517825487493,2.49094605445862,"K",10,0,0.860750610483132,8.8
266,"THR",14.375,-2.764,26.202,"Cytoplasmic","CD",0.157573370100453,67.3429190466811,1.86579322814941,"T",10,0,-0.136743796849583,-1.2
267,"GLY",14.191,-1.807,22.482,"Cytoplasmic","CD",0,34.252511325586,2.61698722839355,"G",10,0,-0.136743796849583,-1
268,"GLY",17.992,-1.379,22.089,"Cytoplasmic","CD",0,18.9875910971046,1.94345426559448,"G",10,0,-0.136743796849583,-1
269,"ARG",19.106,-4.969,21.201,"Cytoplasmic","CD",0.0590900137876699,51.9598187906244,1.47437131404877,"R",10,0,0.863231084917044,12.3
270,"LEU",15.952,-5.632,19.14,"Cytoplasmic","CD",0.0196966712625566,8.27260193027378,1.24003386497498,"L",10,1,-0.136743796849583,-2.8
271,"LEU",16.918,-2.623,16.922,"Cytoplasmic","CD",0,13.4725231435887,1.35159802436829,"L",10,1,-0.136743796849583,-2.8
272,"MET",20.654,-3.133,16.983,"Cytoplasmic","CD",0,5.51506795351586,1.74970734119415,"M",10,0,-0.136743796849583,-3.4
273,"PHE",20.623,-6.702,15.902,"Cytoplasmic","CD",0,13.8073665550522,1.81346452236176,"F",10,0,-0.136743796849583,-3.7
274,"GLY",17.256,-6.867,14.175,"Cytoplasmic","CD",0,11.6210360449084,1.6353714466095,"G",10,0,-0.136743796849583,-1
275,"VAL",16.144,-9.891,16.227,"Cytoplasmic","CD",0.137876698837896,4.66811108922592,1.39187383651733,"V",20,0,-0.136743796849583,-2.6
276,"GLY",12.468,-10.401,17.119,"Cytoplasmic","CD",0,10.0059090013788,1.35500383377075,"G",20,0,-0.136743796849583,-1
277,"VAL",10.175,-7.464,16.156,"Cytoplasmic","CD",0.11818002757534,2.61965727792003,1.25202286243439,"V",30,0,-0.136743796849583,-2.6
278,"ILE",11.617,-6.27,12.813,"Transmembrane","TMD",0,0.886350206815048,1.14975666999817,"I",60,0,-0.136743796849583,-3.1
279,"VAL",11.564,-9.912,11.429,"Transmembrane","TMD",0,0,1.08211243152618,"V",70,0,-0.136743796849583,-2.6
280,"ILE",7.874,-10.374,12.155,"Transmembrane","TMD",0,0,1.08150374889374,"I",10,0,-0.136743796849583,-3.1
281,"GLY",7.195,-7.192,10.21,"Transmembrane","TMD",0,0,1.00394368171692,"G",70,0,-0.136743796849583,-1
282,"VAL",9.623,-8.31,7.516,"Transmembrane","TMD",0,0,0.923083662986755,"V",10,0,-0.136743796849583,-2.6
283,"MET",8.007,-11.766,7.344,"Transmembrane","TMD",0,0,0.934980154037476,"M",10,1,-0.136743796849583,-3.4
284,"LEU",4.416,-10.453,6.872,"Transmembrane","TMD",0,0.0590900137876699,0.895284712314606,"L",10,1,-0.136743796849583,-2.8
285,"SER",5.61,-7.899,4.317,"Transmembrane","TMD",0,16.9391372857987,0.823020040988922,"S",10,0,-0.136743796849583,-0.6
286,"ILE",7.685,-10.437,2.269,"Transmembrane","TMD",0,0,0.833802103996277,"I",10,0,-0.136743796849583,-3.1
287,"PHE",5.031,-13.194,2.134,"Transmembrane","TMD",0,0.0393933425251133,0.813927888870239,"F",10,2,-0.136743796849583,-3.7
288,"GLN",2.356,-10.67,1.011,"Transmembrane","TMD",0,44.6523537522159,0.821476697921753,"Q",10,0,-0.136743796849583,4.1
289,"GLN",4.543,-9.92,-1.966,"Transmembrane","TMD",0.0590900137876699,68.012605869608,0.766252815723419,"Q",10,2,-0.136743796849583,4.1
290,"PHE",5.884,-13.469,-2.628,"Transmembrane","TMD",0,0.0196966712625566,0.772688388824463,"F",10,0,-0.136743796849583,-3.7
291,"VAL",2.47,-15.043,-2.641,"Transmembrane","TMD",0,17.4709474098877,0.804628193378448,"V",10,2,-0.136743796849583,-2.6
292,"GLY",1.967,-13.074,-5.956,"Transmembrane","TMD",0,0.0590900137876699,0.920398354530334,"G",70,0,-0.136743796849583,-1
293,"ILE",-0.274,-10.028,-5.049,"Transmembrane","TMD",0.0196966712625566,1.89088044120544,0.889387428760529,"I",20,1,-0.136743796849583,-3.1
294,"ASN",1.004,-7.549,-7.701,"Transmembrane","TMD",0,59.9172739806973,1.02507281303406,"N",10,0,-0.136743796849583,4.8
295,"VAL",0.255,-9.756,-10.752,"Transmembrane","TMD",0,5.88930470750443,1.44146656990051,"V",10,0,-0.136743796849583,-2.6
296,"VAL",-3.371,-10.571,-9.832,"Transmembrane","TMD",0,30.7268071695883,1.61244511604309,"V",70,1,-0.136743796849583,-2.6
297,"LEU",-4.322,-7.007,-8.689,"Transmembrane","TMD",0.925743549340161,26.3147528067757,1.42599105834961,"L",80,0,-0.136743796849583,-2.8
298,"TYR",-2.415,-4.042,-10.251,"Transmembrane","TMD",0.492416781563916,72.857987000197,1.21783792972565,"Y",20,0,-0.139249389516868,0.7
299,"TYR",-1.191,-5.926,-13.396,"Transmembrane","TMD",0.0590900137876699,66.6141422099665,0.946870088577271,"Y",10,0,-0.139249389516868,0.7
300,"ALA",-4.665,-7.621,-13.978,"Transmembrane","TMD",0.196966712625566,0.0984833563127831,0.916040658950806,"A",20,0,-0.136743796849583,-1.6
301,"PRO",-5.175,-5.939,-17.376,"Periplasmic","ECD",0,0.137876698837896,0.916865766048431,"P",10,0,-0.136743796849583,0.2
302,"GLU",-1.704,-6.955,-18.672,"Periplasmic","ECD",0,98.1485129013197,1.00370192527771,"E",10,0,-1.13574479585058,8.2
303,"VAL",-2.944,-10.523,-17.901,"Periplasmic","ECD",0,0.137876698837896,1.02473950386047,"V",10,0,-0.136743796849583,-2.6
304,"PHE",-6.31,-10.018,-19.501,"Periplasmic","ECD",0,2.6787472917077,1.00946187973022,"F",10,3,-0.136743796849583,-3.7
305,"LYS",-4.83,-8.355,-22.682,"Periplasmic","ECD",0,70.8489265314162,1.0866779088974,"K",10,0,0.860750610483132,8.8
306,"THR",-2.372,-11.441,-22.735,"Periplasmic","ECD",0,62.8520779988182,1.24716484546661,"T",10,0,-0.136743796849583,-1.2
307,"LEU",-5.364,-13.881,-22.495,"Periplasmic","ECD",0,41.8554264329328,1.34341955184937,"L",30,1,-0.136743796849583,-2.8
308,"GLY",-6.623,-11.821,-25.462,"Periplasmic","ECD",0,41.2645262950561,1.38299167156219,"G",10,0,-0.136743796849583,-1
309,"ALA",-9.448,-9.682,-24.001,"Periplasmic","ECD",0.0196966712625566,39.1569824699626,1.18500757217407,"A",10,0,-0.136743796849583,-1.6
310,"SER",-10.16,-6.201,-25.524,"Periplasmic","ECD",0,60.0354540082726,1.19149959087372,"S",20,0,-0.136743796849583,-0.6
311,"THR",-9.373,-3.01,-23.67,"Periplasmic","ECD",0.0393933425251133,70.0610596809139,1.06036925315857,"T",60,0,-0.136743796849583,-1.2
312,"ASP",-12.968,-2.632,-22.458,"Periplasmic","ECD",0,87.7289738034272,1.01336324214935,"D",20,0,-1.13574479585058,9.2
313,"ILE",-13.442,-6.384,-21.573,"Periplasmic","ECD",0,0.0196966712625566,0.985601902008057,"I",10,0,-0.136743796849583,-3.1
314,"ALA",-10.052,-6.333,-19.809,"Periplasmic","ECD",0,0,0.881049752235413,"A",60,1,-0.136743796849583,-1.6
315,"LEU",-11.008,-3.261,-17.684,"Transmembrane","TMD",0,0.0196966712625566,0.797525882720947,"L",10,1,-0.136743796849583,-2.8
316,"LEU",-14.482,-4.749,-16.854,"Transmembrane","TMD",0,0,0.845479905605316,"L",10,0,-0.136743796849583,-2.8
317,"GLN",-12.856,-7.962,-15.592,"Transmembrane","TMD",0,34.4888713807367,0.841112911701202,"Q",10,1,-0.136743796849583,4.1
318,"THR",-10.348,-5.73,-13.708,"Transmembrane","TMD",0,20.6618081544219,0.76418799161911,"T",10,1,-0.136743796849583,-1.2
319,"ILE",-13.413,-3.883,-12.057,"Transmembrane","TMD",0,0,0.751887738704681,"I",60,0,-0.136743796849583,-3.1
320,"ILE",-14.946,-7.448,-11.265,"Transmembrane","TMD",0,0,0.844922959804535,"I",30,0,-0.136743796849583,-3.1
321,"VAL",-11.804,-8.151,-9.18,"Transmembrane","TMD",0,0.433326767776246,0.800728976726532,"V",10,0,-0.136743796849583,-2.6
322,"GLY",-12.24,-4.959,-7.221,"Transmembrane","TMD",0,0,0.735489428043365,"G",30,0,-0.136743796849583,-1
323,"VAL",-15.991,-5.645,-6.751,"Transmembrane","TMD",0,0,0.802624225616455,"V",10,0,-0.136743796849583,-2.6
324,"ILE",-14.95,-9.118,-5.163,"Transmembrane","TMD",0,0,0.823264241218567,"I",10,0,-0.136743796849583,-3.1
325,"ASN",-12.109,-7.504,-3.226,"Transmembrane","TMD",0,58.9127437463069,0.739090085029602,"N",80,3,-0.136743796849583,4.8
326,"LEU",-14.452,-4.819,-1.856,"Transmembrane","TMD",0,0,0.752135574817657,"L",50,3,-0.136743796849583,-2.8
327,"THR",-17.183,-7.421,-0.967,"Transmembrane","TMD",0,0.492416781563916,0.828610181808472,"T",20,0,-0.136743796849583,-1.2
328,"PHE",-14.992,-9.866,0.898,"Transmembrane","TMD",0,0,0.812615573406219,"F",10,2,-0.136743796849583,-3.7
329,"THR",-13.044,-6.945,2.508,"Transmembrane","TMD",0,25.3102225723853,0.788575828075409,"T",10,1,-0.136743796849583,-1.2
330,"VAL",-16.34,-5.881,3.97,"Transmembrane","TMD",0,0.0393933425251133,0.880691409111023,"V",10,1,-0.136743796849583,-2.6
331,"LEU",-16.738,-9.476,5.226,"Transmembrane","TMD",0,0,0.937361121177673,"L",70,1,-0.136743796849583,-2.8
332,"ALA",-13.262,-9.5,6.619,"Transmembrane","TMD",0,0.787866850502265,0.895788550376892,"A",10,0,-0.136743796849583,-1.6
333,"ILE",-13.99,-6.18,8.391,"Transmembrane","TMD",0,15.5997636399449,0.926694214344025,"I",30,1,-0.136743796849583,-3.1
334,"MET",-16.83,-8.053,10.304,"Transmembrane","TMD",0,40.7524128422297,1.1082980632782,"M",10,0,-0.136743796849583,-3.4
335,"THR",-14.828,-11.143,11.028,"Transmembrane","TMD",0,0.354540082726019,1.11403584480286,"T",10,0,-0.136743796849583,-1.2
336,"VAL",-11.159,-10.3,11.961,"Transmembrane","TMD",0.0196966712625566,7.50443175103408,1.08972787857056,"V",80,0,-0.136743796849583,-2.6
337,"ASP",-12.428,-9.87,15.632,"Transmembrane","TMD",0,93.8743352373449,1.25257647037506,"D",20,1,-1.13574479585058,9.2
338,"LYS",-14.705,-12.935,15.619,"Transmembrane","TMD",0.11818002757534,67.3823123892062,1.16946947574615,"K",40,0,0.860750610483132,8.8
339,"PHE",-12.156,-15.471,14.149,"Cytoplasmic","CD",0,31.8692141028166,1.16350150108337,"F",10,0,-0.136743796849583,-3.7
340,"GLY",-9.073,-13.609,15.378,"Cytoplasmic","CD",0,14.3588733504038,1.34958028793335,"G",10,0,-0.136743796849583,-1
341,"ARG",-5.992,-12.796,13.18,"Cytoplasmic","CD",0,49.5568248965925,1.10319554805756,"R",10,2,0.863231084917044,12.3
342,"LYS",-3.751,-15.824,12.897,"Cytoplasmic","CD",0,41.6584597203073,1.19804418087006,"K",10,1,0.860750610483132,8.8
343,"PRO",-6.118,-18.659,11.768,"Transmembrane","TMD",0,0.0393933425251133,1.14588260650635,"P",10,0,-0.136743796849583,0.2
344,"LEU",-7.539,-16.484,8.999,"Transmembrane","TMD",0,1.1818002757534,0.968955457210541,"L",10,0,-0.136743796849583,-2.8
345,"GLN",-3.923,-15.96,7.655,"Transmembrane","TMD",0,0,0.93088686466217,"Q",10,4,-0.136743796849583,4.1
346,"ILE",-3.376,-19.783,7.382,"Transmembrane","TMD",0,0,1.03383195400238,"I",80,1,-0.136743796849583,-3.1
347,"ILE",-6.642,-20.743,5.72,"Transmembrane","TMD",0,0.0393933425251133,1.03653872013092,"I",10,0,-0.136743796849583,-3.1
348,"GLY",-6.384,-17.685,3.386,"Transmembrane","TMD",0,0,0.877532362937927,"G",70,0,-0.136743796849583,-1
349,"ALA",-2.825,-18.583,2.347,"Transmembrane","TMD",0,0.0196966712625566,0.866062939167023,"A",10,0,-0.136743796849583,-1.6
350,"LEU",-3.772,-22.177,1.741,"Transmembrane","TMD",0,0,0.940273106098175,"L",20,0,-0.136743796849583,-2.8
351,"GLY",-6.779,-20.957,-0.489,"Transmembrane","TMD",0,0,0.893790602684021,"G",20,0,-0.136743796849583,-1
352,"MET",-4.592,-18.438,-2.306,"Transmembrane","TMD",0,0.0196966712625566,0.806751608848572,"M",10,4,-0.136743796849583,-3.4
353,"ALA",-2.279,-21.444,-2.872,"Transmembrane","TMD",0,0,0.865495562553406,"A",10,0,-0.136743796849583,-1.6
354,"ILE",-5.446,-23.162,-4.374,"Transmembrane","TMD",0,0,0.927271783351898,"I",10,0,-0.136743796849583,-3.1
355,"GLY",-6.013,-20.166,-6.591,"Transmembrane","TMD",0,0,0.866203010082245,"G",80,0,-0.136743796849583,-1
356,"MET",-2.387,-20.36,-7.617,"Transmembrane","TMD",0,0.0590900137876699,0.841435492038727,"M",10,3,-0.136743796849583,-3.4
357,"PHE",-2.321,-24.118,-8.329,"Transmembrane","TMD",0,0.0196966712625566,0.921625196933746,"F",10,2,-0.136743796849583,-3.7
358,"SER",-5.502,-23.496,-10.578,"Transmembrane","TMD",0,2.95450068938349,0.942356824874878,"S",10,1,-0.136743796849583,-0.6
359,"LEU",-4.279,-20.294,-12.316,"Transmembrane","TMD",0,0.0787866850502265,0.889526426792145,"L",20,1,-0.136743796849583,-2.8
360,"GLY",-0.898,-21.771,-13.38,"Transmembrane","TMD",0,1.10301359070317,0.935330748558044,"G",10,0,-0.136743796849583,-1
361,"THR",-2.399,-25.223,-14.153,"Transmembrane","TMD",0,6.83474492810715,1.06988000869751,"T",20,0,-0.136743796849583,-1.2
362,"ALA",-4.762,-23.207,-16.474,"Transmembrane","TMD",0,13.2164664171755,1.06706893444061,"A",10,0,-0.136743796849583,-1.6
363,"PHE",-1.626,-21.509,-18.14,"Transmembrane","TMD",0,11.8770927713216,1.04298496246338,"F",10,1,-0.136743796849583,-3.7
364,"TYR",0.108,-24.913,-18.337,"Transmembrane","TMD",0,51.2704352964349,1.16049098968506,"Y",10,0,-0.139249389516868,0.7
365,"THR",-2.916,-26.821,-19.85,"Transmembrane","TMD",0,35.1979515461887,1.30010497570038,"T",10,0,-0.136743796849583,-1.2
366,"GLN",-3.929,-24.105,-22.299,"Periplasmic","ECD",3.21055741579673,61.2566476265511,1.38329219818115,"Q",10,0,-0.136743796849583,4.1
367,"ALA",-7.29,-23.281,-20.542,"Periplasmic","ECD",0.925743549340161,38.605475674611,1.72472488880157,"A",10,0,-0.136743796849583,-1.6
368,"PRO",-9.73,-20.651,-21.94,"Periplasmic","ECD",0.0984833563127831,8.68623202678747,1.41553485393524,"P",10,0,-0.136743796849583,0.2
369,"GLY",-9.507,-17.259,-19.97,"Periplasmic","ECD",0,20.6618081544219,1.23199582099915,"G",10,0,-0.136743796849583,-1
370,"ILE",-12.652,-17.915,-18.184,"Transmembrane","TMD",0,7.2680716958834,1.17860126495361,"I",10,0,-0.136743796849583,-3.1
371,"VAL",-11.052,-20.6,-15.869,"Transmembrane","TMD",0,0.216663383888123,1.10108828544617,"V",10,0,-0.136743796849583,-2.6
372,"ALA",-8.087,-18.185,-15.245,"Transmembrane","TMD",0,1.1818002757534,0.988473892211914,"A",10,1,-0.136743796849583,-1.6
373,"LEU",-10.631,-15.483,-14.208,"Transmembrane","TMD",0,0,0.942541182041168,"L",10,1,-0.136743796849583,-2.8
374,"LEU",-12.193,-17.665,-11.492,"Transmembrane","TMD",0,0,0.892565011978149,"L",10,0,-0.136743796849583,-2.8
375,"SER",-8.674,-18.661,-10.493,"Transmembrane","TMD",0,0,0.839491665363312,"S",10,1,-0.136743796849583,-0.6
376,"MET",-7.834,-14.973,-10.053,"Transmembrane","TMD",0,0,0.807232677936554,"M",10,0,-0.136743796849583,-3.4
377,"LEU",-11.186,-14.263,-8.363,"Transmembrane","TMD",0,0,0.809675335884094,"L",10,0,-0.136743796849583,-2.8
378,"PHE",-10.828,-17.218,-5.868,"Transmembrane","TMD",0,0.137876698837896,0.799729645252228,"F",10,0,-0.136743796849583,-3.7
379,"TYR",-7.283,-16.006,-4.828,"Transmembrane","TMD",0,0.0393933425251133,0.739623248577118,"Y",10,4,-0.139249389516868,0.7
380,"VAL",-8.599,-12.425,-4.352,"Transmembrane","TMD",0,0.0590900137876699,0.748260974884033,"V",30,1,-0.136743796849583,-2.6
381,"ALA",-11.542,-13.722,-2.22,"Transmembrane","TMD",0,0,0.804921984672546,"A",10,1,-0.136743796849583,-1.6
382,"ALA",-9.215,-15.797,-0.155,"Transmembrane","TMD",0,0.0393933425251133,0.798471570014954,"A",70,0,-0.136743796849583,-1.6
383,"PHE",-6.706,-12.815,0.031,"Transmembrane","TMD",0,0.0787866850502265,0.745239973068237,"F",10,2,-0.136743796849583,-3.7
384,"ALA",-9.483,-10.194,1.011,"Transmembrane","TMD",0,0.0393933425251133,0.752046823501587,"A",20,2,-0.136743796849583,-1.6
385,"MET",-10.499,-12.522,3.902,"Transmembrane","TMD",0,1.12271026196573,0.840314149856567,"M",10,1,-0.136743796849583,-3.4
386,"SER",-6.756,-12.543,4.971,"Transmembrane","TMD",32.2434508568052,0,0.838595986366272,"S",70,1,-0.136743796849583,-0.6
387,"TRP",-3.439,-11.322,3.606,"Transmembrane","TMD",0.0196966712625566,10.5180224542052,0.813761949539185,"W",10,2,-0.136743796849583,-1.9
388,"GLY",-4.737,-7.888,2.961,"Transmembrane","TMD",0,5.47567461099074,0.825048625469208,"G",80,0,-0.136743796849583,-1
389,"PRO",-6.879,-6.418,5.713,"Transmembrane","TMD",0,0.0393933425251133,0.758962690830231,"P",20,0,-0.136743796849583,0.2
390,"VAL",-6.231,-8.98,8.463,"Transmembrane","TMD",0,0,0.830413579940796,"V",20,0,-0.136743796849583,-2.6
391,"CYS",-2.544,-8.794,7.639,"Transmembrane","TMD",0,0.0393933425251133,0.850647211074829,"C",10,1,-0.210331352967156,-2
392,"TRP",-2.588,-5.007,7.909,"Transmembrane","TMD",0,16.7618672444357,0.794314026832581,"W",10,1,-0.136743796849583,-1.9
393,"VAL",-4.533,-5.28,11.2,"Transmembrane","TMD",0,2.69844396297026,0.821570575237274,"V",20,0,-0.136743796849583,-2.6
394,"LEU",-1.999,-7.864,12.409,"Transmembrane","TMD",0,0,0.936647593975067,"L",10,0,-0.136743796849583,-2.8
395,"LEU",1.02,-5.7,11.238,"Transmembrane","TMD",0,8.09533188891077,0.985255181789398,"L",80,0,-0.136743796849583,-2.8
396,"SER",-0.391,-2.767,13.111,"Cytoplasmic","CD",0,69.9034863108135,0.984515011310577,"S",10,0,-0.136743796849583,-0.6
397,"GLU",-0.632,-4.721,16.432,"Cytoplasmic","CD",0,89.3244041756943,1.02256333827972,"E",10,2,-1.13574479585058,8.2
398,"ILE",2.904,-6.394,16.461,"Cytoplasmic","CD",0,31.5146740200906,1.12562072277069,"I",90,0,-0.136743796849583,-3.1
399,"PHE",5.142,-3.188,17.132,"Cytoplasmic","CD",0,53.6931258617294,1.16993653774261,"F",10,1,-0.136743796849583,-3.7
400,"PRO",6.569,-2.267,20.683,"Cytoplasmic","CD",0,0.157573370100453,1.41121697425842,"P",10,0,-0.136743796849583,0.2
401,"ASN",5.682,1.455,21.442,"Cytoplasmic","CD",0.0196966712625566,44.9084104786291,1.30763268470764,"N",10,1,-0.136743796849583,4.8
402,"ALA",9.13,3.042,21.948,"Cytoplasmic","CD",0,59.3657671853457,1.42291402816772,"A",20,0,-0.136743796849583,-1.6
403,"ILE",10.617,1.541,18.792,"Cytoplasmic","CD",0,0.11818002757534,1.41414618492126,"I",90,0,-0.136743796849583,-3.1
404,"ARG",7.418,1.459,16.715,"Cytoplasmic","CD",0,74.1776639747883,1.23570644855499,"R",10,1,0.863231084917044,12.3
405,"GLY",8.635,4.07,14.241,"Cytoplasmic","CD",0,15.5997636399449,1.23733460903168,"G",80,0,-0.136743796849583,-1
406,"LYS",12.142,2.889,13.351,"Cytoplasmic","CD",0,42.5251132558598,1.22086250782013,"K",10,1,0.860750610483132,8.8
407,"ALA",11.091,-0.823,13.234,"Transmembrane","TMD",0,0,1.06785714626312,"A",20,1,-0.136743796849583,-1.6
408,"LEU",8.281,-0.142,10.825,"Transmembrane","TMD",0,0,0.891659259796143,"L",80,1,-0.136743796849583,-2.8
409,"ALA",10.666,1.539,8.22,"Transmembrane","TMD",0,0.0393933425251133,0.883080780506134,"A",70,0,-0.136743796849583,-1.6
410,"ILE",12.736,-1.665,7.516,"Transmembrane","TMD",0,0,0.977295875549316,"I",20,0,-0.136743796849583,-3.1
411,"ALA",9.533,-3.861,7.129,"Transmembrane","TMD",0,0.216663383888123,0.897512316703796,"A",10,0,-0.136743796849583,-1.6
412,"VAL",8.16,-1.339,4.567,"Transmembrane","TMD",0,0.11818002757534,0.749372005462646,"V",70,0,-0.136743796849583,-2.6
413,"ALA",11.543,-1.584,2.8,"Transmembrane","TMD",0,0,0.813591301441193,"A",10,0,-0.136743796849583,-1.6
414,"ALA",10.937,-5.398,2.682,"Transmembrane","TMD",0,0.0196966712625566,0.898191750049591,"A",20,0,-0.136743796849583,-1.6
415,"GLN",7.458,-5.198,1.168,"Transmembrane","TMD",0,47.665944455387,0.798122227191925,"Q",10,0,-0.136743796849583,4.1
416,"TRP",8.484,-2.512,-1.398,"Transmembrane","TMD",0,12.7831396493993,0.657395780086517,"W",10,3,-0.136743796849583,-1.9
417,"LEU",11.751,-4.074,-2.501,"Transmembrane","TMD",0,0.0393933425251133,0.776794195175171,"L",10,0,-0.136743796849583,-2.8
418,"ALA",9.772,-7.397,-2.842,"Transmembrane","TMD",0,0.0196966712625566,0.797511160373688,"A",20,1,-0.136743796849583,-1.6
419,"ASN",7.296,-5.578,-5.102,"Transmembrane","TMD",0,35.7888516840654,0.697048723697662,"N",10,1,-0.136743796849583,4.8
420,"TYR",10.304,-3.963,-6.906,"Transmembrane","TMD",0,24.3844790230451,0.714226186275482,"Y",20,1,-0.139249389516868,0.7
421,"PHE",11.95,-7.471,-7.41,"Transmembrane","TMD",0,0,0.819071292877197,"F",10,0,-0.136743796849583,-3.7
422,"VAL",8.83,-9.087,-8.849,"Transmembrane","TMD",0,51.3492219814851,0.821955144405365,"V",10,0,-0.136743796849583,-2.6
423,"SER",7.324,-6.337,-10.938,"Transmembrane","TMD",0,63.6793381918456,0.787007629871368,"S",20,0,-0.136743796849583,-0.6
424,"TRP",10.543,-4.861,-12.341,"Transmembrane","TMD",0.374236753988576,13.3149497734883,0.840080738067627,"W",10,2,-0.136743796849583,-1.9
425,"THR",13.668,-6.989,-11.77,"Transmembrane","TMD",0,48.7689580460902,0.935468137264252,"T",10,0,-0.136743796849583,-1.2
426,"PHE",11.657,-10.207,-12.642,"Transmembrane","TMD",0,33.5434311601339,0.928171873092651,"F",10,2,-0.136743796849583,-3.7
427,"PRO",10.699,-9.101,-16.223,"Transmembrane","TMD",0,19.7754579476069,1.00545108318329,"P",10,1,-0.136743796849583,0.2
428,"MET",13.848,-7.058,-16.865,"Transmembrane","TMD",0,43.6281268465629,1.19322669506073,"M",10,0,-0.136743796849583,-3.4
429,"MET",16.206,-10.196,-16.502,"Periplasmic","ECD",0.0393933425251133,41.6387630490447,1.27116727828979,"M",10,0,-0.136743796849583,-3.4
430,"ASP",14.581,-11.238,-19.915,"Periplasmic","ECD",29.6828835926728,95.9424857199133,1.14134538173676,"D",70,0,-1.13574479585058,9.2
431,"LYS",10.959,-10.391,-21.067,"Periplasmic","ECD",0,77.3291313767973,1.04439663887024,"K",10,0,0.860750610483132,8.8
432,"ASN",10.523,-13.757,-22.9,"Periplasmic","ECD",0,67.3429190466811,1.09639549255371,"N",10,0,-0.136743796849583,4.8
433,"SER",11.834,-15.682,-19.856,"Periplasmic","ECD",0,39.4130391963758,1.08993494510651,"S",10,0,-0.136743796849583,-0.6
434,"TRP",9.39,-13.858,-17.51,"Periplasmic","ECD",0,35.1979515461887,0.938341438770294,"W",10,2,-0.136743796849583,-1.9
435,"LEU",6.631,-14.471,-20.064,"Periplasmic","ECD",0,1.35907031711641,1.05027198791504,"L",10,0,-0.136743796849583,-2.8
436,"VAL",7.259,-18.254,-20.584,"Periplasmic","ECD",0,10.7543825093559,1.18023359775543,"V",10,0,-0.136743796849583,-2.6
437,"ALA",7.398,-18.861,-16.745,"Periplasmic","ECD",0,0.0787866850502265,1.22069430351257,"A",10,1,-0.136743796849583,-1.6
438,"HSD",4.143,-16.935,-16.373,"Periplasmic","ECD",0.886350206815048,41.0675595824306,1.24405348300934,"H",10,3,-0.0249280270714658,3
439,"PHE",1.907,-17.672,-19.358,"Periplasmic","ECD",0,41.6978530628324,1.38903784751892,"F",10,0,-0.136743796849583,-3.7
440,"HSD",3.233,-20.499,-21.573,"Periplasmic","ECD",1.71361039984243,62.6551112861926,1.44595289230347,"H",10,0,-0.0249280270714658,3
441,"ASN",4.446,-22.764,-18.82,"Periplasmic","ECD",0.0590900137876699,49.044711443766,1.46484267711639,"N",10,0,-0.136743796849583,4.8
442,"GLY",2.651,-21.676,-15.564,"Periplasmic","ECD",0,1.29998030332874,1.12778079509735,"G",10,0,-0.136743796849583,-1
443,"PHE",6.024,-22.016,-13.624,"Periplasmic","ECD",0.0196966712625566,4.21508765018712,1.10207951068878,"F",10,0,-0.136743796849583,-3.7
444,"SER",5.707,-18.581,-11.745,"Transmembrane","TMD",0,1.85148709868032,1.00826704502106,"S",10,2,-0.136743796849583,-0.6
445,"TYR",2.196,-19.34,-10.478,"Transmembrane","TMD",0,10.439235769155,0.905479669570923,"Y",30,4,-0.139249389516868,0.7
446,"TRP",3.091,-22.711,-9.133,"Transmembrane","TMD",0,2.58026393539492,0.926859080791473,"W",70,1,-0.136743796849583,-1.9
447,"ILE",6.2,-21.13,-7.364,"Transmembrane","TMD",0,0,0.934264957904816,"I",10,0,-0.136743796849583,-3.1
448,"TYR",3.806,-18.491,-5.853,"Transmembrane","TMD",0,60.8627142013,0.860542833805084,"Y",80,1,-0.139249389516868,0.7
449,"GLY",1.278,-21.392,-4.917,"Transmembrane","TMD",0,0,0.879778265953064,"G",10,1,-0.136743796849583,-1
450,"CYS",4.081,-23.309,-3.157,"Transmembrane","TMD",0,0.0196966712625566,0.926865994930267,"C",10,0,-0.210331352967156,-2
451,"MET",4.987,-20.095,-1.183,"Transmembrane","TMD",0,0,0.894695222377777,"M",10,0,-0.136743796849583,-3.4
452,"GLY",1.33,-19.954,-0.168,"Transmembrane","TMD",0,0,0.884061694145203,"G",100,0,-0.136743796849583,-1
453,"VAL",1.77,-23.478,1.308,"Transmembrane","TMD",0,0,0.953948020935059,"V",10,0,-0.136743796849583,-2.6
454,"LEU",4.957,-22.165,3.08,"Transmembrane","TMD",0,0,0.986791729927063,"L",10,0,-0.136743796849583,-2.8
455,"ALA",3.427,-18.817,4.301,"Transmembrane","TMD",0,0,0.940012156963348,"A",10,1,-0.136743796849583,-1.6
456,"ALA",1.017,-20.907,6.257,"Transmembrane","TMD",0,0,1.00519061088562,"A",10,0,-0.136743796849583,-1.6
457,"LEU",3.944,-22.908,7.959,"Transmembrane","TMD",0,0.669686822926925,1.10684263706207,"L",70,0,-0.136743796849583,-2.8
458,"PHE",5.859,-19.711,8.762,"Transmembrane","TMD",0,0,1.08111274242401,"F",10,2,-0.136743796849583,-3.7
459,"MET",2.682,-18.051,10.106,"Transmembrane","TMD",0,2.83632066180815,1.07970881462097,"M",10,3,-0.136743796849583,-3.4
460,"TRP",1.767,-20.99,12.359,"Transmembrane","TMD",0,33.5434311601339,1.2264518737793,"W",70,0,-0.136743796849583,-1.9
461,"LYS",5.295,-21.113,13.923,"Transmembrane","TMD",0.196966712625566,63.4626748079575,1.31140983104706,"K",10,0,0.860750610483132,8.8
462,"PHE",6.592,-17.577,14.481,"Transmembrane","TMD",0,24.3253890092574,1.22903335094452,"F",10,0,-0.136743796849583,-3.7
463,"VAL",3.356,-15.506,15.056,"Cytoplasmic","CD",22.434508568052,13.6694898562143,1.21304678916931,"V",10,0,-0.136743796849583,-2.6
464,"PRO",1.329,-14.942,18.321,"Cytoplasmic","CD",0.0393933425251133,3.11207405948395,1.36345863342285,"P",10,0,-0.136743796849583,0.2
465,"GLU",-2.396,-14.3,18.016,"Cytoplasmic","CD",0,80.2836320661808,1.2338011264801,"E",10,2,-1.13574479585058,8.2
466,"THR",-3.015,-10.61,18.744,"Cytoplasmic","CD",0,45.8538506992318,1.1056809425354,"T",10,1,-0.136743796849583,-1.2
467,"LYS",-6.898,-10.414,19.085,"Cytoplasmic","CD",0.0393933425251133,83.3563127831397,1.25126242637634,"K",10,0,0.860750610483132,8.8
468,"GLY",-8.592,-8.781,22.14,"Cytoplasmic","CD",0,59.8187906243845,1.98886394500732,"G",10,0,-0.136743796849583,-1
469,"LYS",-5.623,-6.703,23.491,"Cytoplasmic","CD",0.0196966712625566,81.0911955879456,1.93842887878418,"K",10,0,0.860750610483132,8.8
470,"THR",-4.741,-3.083,24.365,"Cytoplasmic","CD",0,41.3039196375813,2.16772079467773,"T",10,0,-0.136743796849583,-1.2
471,"LEU",-1.566,-1.799,22.669,"Cytoplasmic","CD",0.433326767776246,38.2115422493599,2.11768388748169,"L",20,0,-0.136743796849583,-2.8
472,"GLU",0.614,-2.045,25.729,"Cytoplasmic","CD",0,99.5666732322238,2.06736612319946,"E",10,0,-1.13574479585058,8.2
473,"GLU",-0.496,-5.619,26.203,"Cytoplasmic","CD",0,96.9273192830412,1.8610999584198,"E",10,0,-1.13574479585058,8.2
474,"LEU",0.468,-6.376,22.619,"Cytoplasmic","CD",0,48.2962379357889,1.5354722738266,"L",10,0,-0.136743796849583,-2.8
475,"GLU",4.074,-5.39,23.239,"Cytoplasmic","CD",0,98.1485129013197,1.63129055500031,"E",10,1,-1.13574479585058,8.2
476,"ALA",5.489,-8.593,24.854,"Cytoplasmic","CD",0.0393933425251133,35.7100649990152,1.84046673774719,"A",10,0,-0.136743796849583,-1.6
477,"LEU",3.447,-11.256,22.763,"Cytoplasmic","CD",0,41.7175497340949,1.81530380249023,"L",10,0,-0.136743796849583,-2.8
478,"TRP",6.159,-12.047,20.173,"Cytoplasmic","CD",0.571203466614142,42.7023832972228,1.77450203895569,"W",10,1,-0.136743796849583,-1.9
479,"GLU",8.631,-13.676,22.762,"Cytoplasmic","CD",0.11818002757534,99.5272798896986,1.89000761508942,"E",10,0,-1.13574479585058,8.2
480,"PRO",7.008,-16.085,25.179,"Cytoplasmic","CD",0.0984833563127831,52.6492022848139,2.81407117843628,"P",10,0,-0.136743796849583,0.2
481,"GLU",9.044,-15.575,28.372,"Cytoplasmic","CD",0.157573370100453,99.0545597793973,3.53777313232422,"E",10,0,-1.13574479585058,8.2
482,"THR",6.118,-16.025,30.981,"Cytoplasmic","CD",0.551506795351586,78.3139649399252,4.84072208404541,"T",10,0,-0.136743796849583,-1.2
483,"LYS",3.362,-18.673,31.356,"Cytoplasmic","CD",0.137876698837896,76.9155012802836,6.92307138442993,"K",20,0,0.860750610483132,8.8
484,"LYS",0.644,-16.135,30.125,"Cytoplasmic","CD",4.92416781563916,75.5564309631672,8.43405151367188,"K",20,0,0.860750610483132,8.8
485,"THR",2.76,-15.289,27.042,"Cytoplasmic","CD",0.649990151664369,68.8792594051605,9.67673492431641,"T",10,0,-0.136743796849583,-1.2
486,"GLN",3.06,-19.011,26.522,"Cytoplasmic","CD",0.374236753988576,75.123104195391,11.2747440338135,"Q",10,0,-0.136743796849583,4.1
487,"GLN",-0.664,-19.089,26.165,"Cytoplasmic","CD",0.256056726413236,72.5231435887335,12.7572336196899,"Q",10,0,-0.136743796849583,4.1
488,"THR",-0.8,-16.619,23.228,"Cytoplasmic","CD",1.71361039984243,64.9793184951743,14.4100227355957,"T",10,0,-0.136743796849583,-1.2
489,"ALA",2.244,-17.964,21.288,"Cytoplasmic","CD",0.393933425251133,41.7372464053575,15.8052816390991,"A",10,0,-0.136743796849583,-1.6
490,"THR",3.154,-21.402,19.672,"Cytoplasmic","CD",1.7727004136301,65.1368918652748,16.7523880004883,"T",10,0,-0.136743796849583,-1.2
491,"LEU",6.747,-22.54,20.632,"Cytoplasmic","CD",0,80.8351388615324,17.4565410614014,"L",10,0,-0.136743796849583,-2.8
