"resno","resid","x","y","z","type","topology","ramachadran","hbonds","RMSF","amino","conservative","importance_ring"
1,"MET",-2.461,-16.735,-19.075,"N-domain","CD",0,35.6,1.69355690479279,"M",76.9230769230769,3
2,"ALA",-5.608,-14.66,-19.746,"N-domain","CD",66.6,8.2,1.60722637176514,"A",38.4615384615385,5
3,"PRO",-8.275,-16.73,-18.496,"N-domain","CD",6,0,1.82024931907654,"P",38.4615384615385,2
4,"TRP",-8.708,-18.54,-21.896,"N-domain","CD",0,52.2,1.95390701293945,"W",38.4615384615385,3
5,"PRO",-12.376,-19.473,-22.707,"N-domain","CD",0.2,42.2,2.28266096115112,"P",61.5384615384615,1
6,"GLU",-13.349,-23.009,-21.358,"N-domain","CD",5.6,99.6,2.60460734367371,"E",76.9230769230769,0
7,"LEU",-9.819,-24.436,-20.744,"N-domain","CD",14.4,22.2,2.46245455741882,"L",100,0
8,"GLY",-8.878,-22.075,-17.827,"N-domain","CD",0,3.6,2.40527272224426,"G",46.1538461538462,0
9,"ASP",-5.739,-21.378,-19.933,"N-domain","CD",0,59.6,2.54557847976685,"D",15.3846153846154,1
10,"ALA",-4.416,-22.67,-23.357,"N-domain","CD",1.6,29.4,2.91703295707703,"A",30.7692307692308,1
11,"GLN",-0.698,-22.22,-22.338,"N-domain","CD",1,73.4,2.81453251838684,"Q",53.8461538461538,0
12,"PRO",2.063,-24.826,-23.431,"N-domain","CD",0,46,2.67368793487549,"P",100,1
13,"ASN",2.562,-27.97,-21.368,"N-domain","CD",0.2,61.8,3.06835055351257,"N",46.1538461538462,0
14,"PRO",6.165,-29.432,-22.088,"N-domain","CD",0,24,3.54553651809692,"P",84.6153846153846,0
15,"ASP",4.548,-32.989,-22.396,"N-domain","CD",0,96.6,3.6418080329895,"D",15.3846153846154,0
16,"LYS",2.341,-31.694,-25.27,"N-domain","CD",0,61.6,3.50351715087891,"K",38.4615384615385,1
17,"TYR",5.219,-30.268,-27.273,"N-domain","CD",0,71.6,3.14470601081848,"Y",23.0769230769231,1
18,"LEU",7.973,-32.403,-28.951,"N-domain","CD",0.4,50.8,3.45260787010193,"L",15.3846153846154,1
19,"GLU",11.333,-32.199,-27.254,"N-domain","CD",0.4,99,3.87905836105347,"E",30.7692307692308,0
20,"GLY",9.549,-29.628,-24.888,"N-domain","CD",0,27.4,4.05854511260986,"G",69.2307692307692,0
21,"ALA",11.179,-31.005,-21.759,"N-domain","CD",0,38,5.16124248504639,"A",69.2307692307692,0
22,"ALA",14.559,-30.993,-23.686,"N-domain","CD",0,31.6,4.99443101882935,"A",38.4615384615385,0
23,"GLY",14.227,-27.153,-23.938,"N-domain","CD",0,40.4,4.76533985137939,"G",38.4615384615385,0
24,"GLN",12.681,-27.006,-27.451,"N-domain","CD",0,76.6,3.80477070808411,"Q",15.3846153846154,0
25,"GLN",9.962,-24.349,-28.303,"N-domain","CD",0,82.8,3.34832310676575,"Q",38.4615384615385,0
26,"PRO",6.289,-25.195,-29.288,"N-domain","CD",0.4,37.2,2.97499299049377,"P",15.3846153846154,0
27,"THR",5.649,-25.649,-33.11,"N-domain","CD",14.4,84.8,2.71656370162964,"T",15.3846153846154,0
28,"ALA",5.496,-29.406,-32.814,"N-domain","CD",0.2,22.4,3.04205751419067,"A",15.3846153846154,2
29,"PRO",2.991,-31.175,-30.652,"N-domain","CD",0,38,3.30868649482727,"P",76.9230769230769,0
30,"ASP",4.654,-34.392,-29.227,"N-domain","CD",0.2,98.4,3.8685188293457,"D",38.4615384615385,1
31,"LYS",5.173,-37.567,-31.281,"N-domain","CD",0.6,79.2,4.75311231613159,"K",46.1538461538462,0
32,"SER",5.294,-39.899,-28.162,"N-domain","CD",57.2,73.4,5.96681213378906,"S",30.7692307692308,0
33,"LYS",7.933,-40.806,-25.617,"N-domain","CD",0,77.6,8.28914165496826,"K",38.4615384615385,0
34,"GLU",8.256,-44.507,-26.732,"N-domain","CD",0.4,99.2,8.47486591339111,"E",30.7692307692308,0
35,"THR",11.26,-45.559,-28.832,"N-domain","CD",0.2,82.4,10.2248878479004,"T",30.7692307692308,0
36,"ASN",10.951,-46.94,-32.381,"N-domain","CD",7.6,81.2,10.5315008163452,"N",15.3846153846154,0
37,"LYS",7.475,-45.828,-33.669,"N-domain","CD",0,85,8.52868938446045,"K",38.4615384615385,0
38,"THR",5.935,-46.37,-37.14,"N-domain","CD",2,77.4,8.76355361938477,"T",76.9230769230769,0
39,"ASP",6.735,-43.473,-39.412,"N-domain","CD",5,98.8,8.59594535827637,"D",15.3846153846154,0
40,"ASN",5.529,-43.221,-43.021,"N-domain","CD",89.2,82,8.66790676116943,"N",7.69230769230769,0
41,"THR",1.886,-44.551,-43.506,"N-domain","CD",83,81,7.51241016387939,"T",15.3846153846154,0
42,"GLU",0.719,-43.363,-40.106,"N-domain","CD",0.4,99.8,6.71362447738647,"E",7.69230769230769,0
43,"ALA",-1.673,-40.894,-38.367,"N-domain","CD",0.2,53,5.69603157043457,"A",23.0769230769231,0
44,"PRO",-0.656,-37.783,-36.249,"N-domain","CD",0,46,4.77264404296875,"P",84.6153846153846,0
45,"VAL",0.121,-39.012,-32.717,"N-domain","CD",0,48,4.34567451477051,"V",38.4615384615385,0
46,"THR",-0.979,-35.526,-31.454,"N-domain","CD",0,74.2,3.51377654075623,"T",23.0769230769231,0
47,"LYS",-3.746,-33.864,-33.634,"N-domain","CD",0.8,81,3.08751845359802,"K",38.4615384615385,0
48,"ILE",-3.793,-30.159,-34.195,"N-domain","CD",0,46.4,3.10689854621887,"I",30.7692307692308,0
49,"GLU",-7.631,-30.473,-33.667,"N-domain","CD",0,99.4,3.12141585350037,"E",38.4615384615385,0
50,"LEU",-6.728,-30.723,-29.985,"N-domain","CD",0,44,2.72542572021484,"L",38.4615384615385,0
51,"LEU",-5.522,-27.061,-29.92,"N-domain","CD",0,42.6,2.23149061203003,"L",69.2307692307692,0
52,"PRO",-7.462,-23.659,-30.03,"N-domain","CD",0.2,36.4,2.24760437011719,"P",46.1538461538462,1
53,"SER",-7.886,-22.61,-33.685,"N-domain","CD",0,81.6,2.89690899848938,"S",30.7692307692308,0
54,"TYR",-9.248,-19.413,-35.411,"N-domain","CD",3.2,58.8,2.75386619567871,"Y",30.7692307692308,4
55,"SER",-10.629,-18.382,-38.858,"N-domain","CD",20,78.2,4.05432796478271,"S",53.8461538461538,0
56,"THR",-12.71,-15.703,-40.562,"N-domain","CD",3.6,74.2,4.80428218841553,"T",23.0769230769231,0
57,"ALA",-15.871,-14.89,-38.76,"N-domain","CD",14,45.2,6.20412445068359,"A",23.0769230769231,0
58,"THR",-19.134,-13.012,-39.353,"N-domain","CD",55.6,81.4,7.24919271469116,"T",23.0769230769231,0
59,"LEU",-19.787,-14.756,-41.811,"N-domain","CD",0,44.4,7.65158891677856,"L",38.4615384615385,0
60,"ILE",-18.107,-17.964,-40.333,"N-domain","CD",0.6,51.6,6.80317783355713,"I",38.4615384615385,0
61,"ASP",-16.853,-18.728,-43.844,"N-domain","CD",1,99.6,6.18453931808472,"D",15.3846153846154,0
62,"GLU",-15.458,-15.994,-45.935,"N-domain","CD",0.4,99.6,5.09501171112061,"E",76.9230769230769,0
63,"PRO",-12.886,-15.882,-48.818,"N-domain","CD",0,47.2,4.51035404205322,"P",30.7692307692308,0
64,"THR",-11.17,-12.864,-47.056,"N-domain","CD",0.2,78,3.59942889213562,"T",23.0769230769231,0
65,"GLU",-7.561,-13.202,-45.738,"N-domain","CD",0.4,99.2,2.78785753250122,"E",76.9230769230769,0
66,"VAL",-6.96,-14.262,-42.168,"N-domain","CD",0.6,58,2.52832674980164,"V",23.0769230769231,0
67,"ASP",-5.24,-11.758,-39.897,"N-domain","CD",0.4,98.6,2.1512405872345,"D",15.3846153846154,1
68,"ASP",-2.786,-11.915,-36.876,"N-domain","CD",0.2,98.4,1.77870690822601,"D",84.6153846153846,1
69,"PRO",-5.091,-12.99,-33.944,"N-domain","CD",0,24.6,1.69516944885254,"P",100,3
70,"TRP",-3.4,-10.579,-31.644,"N-domain","CD",2.6,31.2,1.51394093036652,"W",61.5384615384615,4
71,"ASN",-0.44,-8.152,-32.396,"N-domain","CD",0.4,71,1.52184951305389,"N",15.3846153846154,2
72,"LEU",2.852,-10.024,-33.167,"N-domain","CD",0,54.4,1.39734506607056,"L",61.5384615384615,0
73,"PRO",5.817,-10.695,-32.579,"N-domain","CD",0.2,34.6,1.46088671684265,"P",46.1538461538462,2
74,"THR",4.693,-12.331,-29.276,"N-domain","CD",0,62.8,1.9099338054657,"T",15.3846153846154,1
75,"LEU",6.654,-11.384,-26.186,"N-domain","CD",33.2,48,1.97366869449615,"L",61.5384615384615,0
76,"GLN",9.611,-9.037,-26.625,"N-domain","CD",0,81.8,2.128986120224,"Q",61.5384615384615,0
77,"ASP",12.905,-10.645,-27.951,"N-domain","CD",0,98.6,1.83980250358582,"D",46.1538461538462,0
78,"SER",11.247,-10.407,-31.432,"N-domain","CD",33.2,56,1.51237261295319,"S",15.3846153846154,0
79,"GLY",12.025,-12.182,-34.816,"N-domain","CD",0,4.6,1.70337462425232,"G",38.4615384615385,1
80,"ILE",10.246,-14.456,-37.204,"N-domain","CD",0,44.2,1.6476457118988,"I",30.7692307692308,1
81,"LYS",9.872,-17.552,-34.983,"N-domain","CD",0,85.2,2.13976812362671,"K",38.4615384615385,0
82,"TRP",7.78,-15.576,-32.414,"N-domain","CD",0,25,1.72125923633575,"W",53.8461538461538,3
83,"SER",5.439,-14.269,-35.186,"N-domain","CD",0.4,55,1.50831258296967,"S",53.8461538461538,1
84,"GLU",5.178,-17.27,-37.579,"N-domain","CD",28.4,99.6,1.51876592636108,"E",61.5384615384615,1
85,"ARG",4.117,-17.883,-41.233,"N-domain","CD",0,90.2,1.6960928440094,"R",38.4615384615385,1
86,"ASP",1.391,-20.487,-40.264,"N-domain","CD",0,98.8,1.75039255619049,"D",38.4615384615385,0
87,"THR",-2.005,-19.386,-38.711,"N-domain","CD",0,66.6,1.79894852638245,"T",38.4615384615385,1
88,"LYS",-1.642,-22.45,-36.372,"N-domain","CD",0,73.8,1.82377290725708,"K",38.4615384615385,0
89,"GLY",1.754,-20.9,-35.478,"N-domain","CD",0,2.4,1.64488327503204,"G",46.1538461538462,0
90,"LYS",0.199,-17.554,-34.856,"N-domain","CD",0,50.6,1.54207623004913,"K",76.9230769230769,1
91,"ILE",-2.338,-18.587,-32.258,"N-domain","CD",0,0,1.61264371871948,"I",30.7692307692308,1
92,"LEU",0.234,-20.726,-30.451,"N-domain","CD",0,0,1.6390266418457,"L",38.4615384615385,0
93,"CYS",2.364,-17.613,-30.122,"N-domain","CD",0,0,1.51408863067627,"C",38.4615384615385,2
94,"PHE",-0.719,-15.583,-29.015,"N-domain","CD",0,5.8,1.50411236286163,"F",7.69230769230769,4
95,"PHE",-1.247,-17.805,-25.886,"N-domain","CD",0,27.2,1.95718491077423,"F",38.4615384615385,3
96,"GLN",2.491,-17.823,-25.328,"N-domain","CD",0,57.2,1.76076745986938,"Q",38.4615384615385,2
97,"GLY",1.593,-14.257,-24.755,"N-domain","CD",0,34.2,1.64087319374084,"G",46.1538461538462,0
98,"ILE",-1.17,-13.254,-22.212,"N-domain","CD",81,51.4,1.66648006439209,"I",30.7692307692308,1
99,"GLY",-0.668,-11.864,-18.675,"N-domain","CD",0,20,1.95903098583221,"G",38.4615384615385,0
100,"ARG",2.692,-13.323,-17.618,"N-domain","CD",22.6,70.4,1.51623439788818,"R",15.3846153846154,1
101,"LEU",6.319,-12.585,-18.014,"N-domain","CD",14,4.6,1.48893630504608,"L",23.0769230769231,0
102,"ILE",6.077,-8.819,-18.848,"TM1","TMD",0,17.8,1.34822750091553,"I",38.4615384615385,0
103,"LEU",3.733,-8.4,-15.808,"TM1","TMD",0,0.2,1.45722711086273,"L",76.9230769230769,2
104,"LEU",6.324,-10.242,-13.691,"TM1","TMD",0,0,1.70401394367218,"L",61.5384615384615,1
105,"LEU",9.347,-8.033,-14.86,"TM1","TMD",0,0,1.50242173671722,"L",92.3076923076923,0
106,"GLY",6.869,-5.062,-14.178,"TM1","TMD",0,21.6,1.50434422492981,"G",61.5384615384615,0
107,"PHE",6.404,-6.438,-10.612,"TM1","TMD",0,20.8,1.91843354701996,"F",76.9230769230769,3
108,"LEU",10.01,-7.442,-9.85,"TM1","TMD",0,16,1.9201033115387,"L",100,0
109,"TYR",12.235,-4.844,-11.827,"TM1","TMD",0,20.6,1.74674987792969,"Y",100,2
110,"PHE",10.198,-1.748,-11.426,"TM1","TMD",0.4,2,1.62950479984283,"F",46.1538461538462,3
111,"PHE",7.477,-0.602,-9.034,"TM1","TMD",0,1.4,1.25534868240356,"F",100,3
112,"VAL",6.611,-3.17,-6.226,"TM1","TMD",0,11.6,1.21280169487,"V",76.9230769230769,1
113,"CYS",10.145,-2.401,-4.511,"TM1","TMD",0,22.6,1.41439139842987,"C",100,1
114,"SER",9.748,1.328,-5.157,"TM1","TMD",0,0.4,1.31539928913116,"S",100,0
115,"LEU",6.418,1.664,-3.275,"TM1","TMD",0,0,1.06087517738342,"L",100,0
116,"ASP",7.681,-0.852,-0.683,"TM1","TMD",0,89.6,1.20535802841187,"D",100,1
117,"ILE",10.977,1.089,-0.054,"TM1","TMD",0,0,1.37577629089355,"I",30.7692307692308,1
118,"LEU",9.021,4.388,0.481,"TM1","TMD",0,0,1.09856796264648,"L",100,3
119,"SER",6.406,2.82,2.858,"TM1","TMD",0,0.6,0.803386807441711,"S",100,2
120,"SER",9.082,0.843,4.887,"TM1","TMD",0,27.2,0.974508881568909,"S",100,0
121,"ALA",10.711,4.16,5.83,"TM1","TMD",0,0,0.957705140113831,"A",100,1
122,"PHE",8.031,4.694,8.385,"TM1","TMD",0,0.4,0.851802468299866,"F",100,5
123,"GLN",8.55,1.1,9.721,"TM1","TMD",0,48,0.955805778503418,"Q",100,3
124,"LEU",12.165,1.893,10.464,"TM1","TMD",0,42,1.05951595306396,"L",100,0
125,"VAL",11.555,5.057,12.595,"TM1","TMD",0,8,1.20846843719482,"V",38.4615384615385,0
126,"GLY",8.163,3.969,14.184,"EMD2","ECD",0,7,1.22956967353821,"G",100,0
127,"GLY",5.727,6.141,12.4,"EMD2","ECD",0,13.4,1.29716670513153,"G",76.9230769230769,0
128,"LYS",7.534,9.394,13.273,"EMD2","ECD",0,47.6,1.19812726974487,"K",100,2
129,"MET",6.144,12.779,12.142,"EMD2","ECD",9,12.6,1.22205793857574,"M",38.4615384615385,1
130,"ALA",5.384,13.183,9.127,"EMD2","ECD",36.4,0,1.12239325046539,"A",100,3
131,"GLY",1.5,13.623,9.323,"EMD2","ECD",0,33.6,1.09082543849945,"G",100,0
132,"GLN",-0.431,14.703,12.559,"EMD2","ECD",2.6,38.4,1.13819062709808,"Q",30.7692307692308,0
133,"PHE",-3.906,15.961,13.781,"EMD2","ECD",0,48.4,1.34837532043457,"F",38.4615384615385,4
134,"PHE",-3.797,19.793,14.018,"EMD2","ECD",0,23,1.68810224533081,"F",100,3
135,"SER",-6.959,22.08,13.826,"EMD2","ECD",0,56.2,1.89426028728485,"S",30.7692307692308,0
136,"ASN",-5.639,24.857,11.48,"EMD2","ECD",2.8,42,1.95872032642365,"N",38.4615384615385,0
137,"SER",-7.085,27.442,13.912,"EMD2","ECD",0,61.8,2.23316335678101,"S",15.3846153846154,0
138,"SER",-5.217,30.407,15.59,"EMD2","ECD",21.2,46,2.81951236724854,"S",38.4615384615385,0
139,"ILE",-1.639,31.153,16.667,"EMD2","ECD",0,41.2,2.7818751335144,"I",76.9230769230769,0
140,"MET",-0.571,27.63,17.747,"EMD2","ECD",0,37.2,2.43581962585449,"M",38.4615384615385,0
141,"SER",-1.173,26.837,14.008,"EMD2","ECD",0,40.6,2.49640464782715,"S",92.3076923076923,0
142,"ASN",1.433,28.098,11.553,"loop1","loop",0.2,40,2.27787399291992,"N",100,0
143,"PRO",3.022,27.285,8.073,"loop1","loop",0,1.8,2.43057155609131,"P",100,0
144,"LEU",5.216,24.446,9.52,"loop1","loop",0,5,2.05727696418762,"L",23.0769230769231,0
145,"LEU",2.019,22.633,10.698,"loop1","loop",0,0.8,1.90099859237671,"L",15.3846153846154,1
146,"GLY",0.577,23.576,7.265,"loop1","loop",0,0.2,1.79328775405884,"G",100,0
147,"LEU",3.213,21.439,5.65,"loop1","loop",0,0,1.65767753124237,"L",92.3076923076923,0
148,"VAL",2.319,18.697,8.227,"loop1","loop",0,0,1.40015375614166,"V",100,2
149,"ILE",-1.242,18.322,6.689,"loop1","loop",0,0,1.39407026767731,"I",61.5384615384615,2
150,"GLY",0.172,18.442,3.249,"loop1","loop",0,0,1.4537490606308,"G",100,0
151,"VAL",2.56,15.51,4.166,"loop1","loop",0,0,1.25208914279938,"V",61.5384615384615,2
152,"LEU",-0.527,13.591,5.598,"loop1","loop",0,6.2,1.0573958158493,"L",92.3076923076923,1
153,"VAL",-2.407,14.166,2.364,"loop1","loop",0,0,1.04889047145844,"V",100,0
154,"THR",0.711,12.992,0.455,"loop1","loop",0,0.2,1.02958691120148,"T",100,0
155,"VAL",1.051,9.839,2.606,"loop1","loop",0,0.6,0.860643744468689,"V",92.3076923076923,2
156,"LEU",-2.589,9.008,1.708,"loop1","loop",0,8,0.769524455070496,"L",84.6153846153846,0
157,"VAL",-2.714,10.033,-2.006,"loop1","loop",0,30.8,0.801696956157684,"V",100,2
158,"GLN",0.687,8.326,-2.797,"loop1","loop",0,22.2,0.892735481262207,"Q",100,3
159,"SER",-0.353,5.091,-0.797,"loop1","loop",2,24.6,0.750928997993469,"S",100,1
160,"SER",2.304,4.91,1.922,"loop1","loop",0.8,0,0.796289324760437,"S",100,1
161,"SER",-0.417,4.686,4.629,"loop1","loop",1.4,7.2,0.708178222179413,"S",100,0
162,"THR",1.676,2.572,7.06,"loop1","loop",0,3.6,0.70144510269165,"T",100,4
163,"SER",2.034,5.464,9.544,"loop1","loop",0,29.8,0.711971640586853,"S",92.3076923076923,1
164,"THR",-1.681,6.143,9.247,"loop1","loop",0,40.2,0.859706163406372,"T",61.5384615384615,0
165,"SER",-2.864,3.203,11.466,"loop1","loop",0,39.4,0.849871575832367,"S",100,1
166,"ILE",-0.293,4.125,14.281,"loop1","loop",0,0,0.742462038993835,"I",100,1
167,"VAL",-1.239,7.795,14.3,"loop1","loop",0,0.2,0.806785345077515,"V",53.8461538461538,1
168,"VAL",-5.088,6.962,14.649,"loop1","loop",0,0.2,1.02260625362396,"V",100,0
169,"SER",-4.3,4.25,17.212,"loop1","loop",0,42.6,1.0228499174118,"S",100,1
170,"MET",-2.264,6.741,19.329,"loop1","loop",0,20.2,0.93098920583725,"M",100,1
171,"VAL",-5.209,9.082,19.602,"loop1","loop",0,25.6,1.17059910297394,"V",100,0
172,"SER",-7.819,6.265,20.045,"loop1","loop",0.8,17.4,1.38838541507721,"S",53.8461538461538,0
173,"SER",-6.316,3.069,21.695,"EMD3","ECD",0.2,50.4,1.57463455200195,"S",92.3076923076923,1
174,"SER",-3.545,5.228,23.325,"EMD3","ECD",40.4,42.4,1.62442255020142,"S",38.4615384615385,0
175,"LEU",-1.712,2.052,24.487,"EMD3","ECD",0,1,1.59539413452148,"L",92.3076923076923,1
176,"LEU",-0.983,0.055,21.305,"EMD3","ECD",0,38.8,1.74230027198792,"L",100,2
177,"THR",0.914,-2.881,19.536,"TM2","TMD",0,39,1.72879004478455,"T",46.1538461538462,0
178,"VAL",3.429,-1.582,16.953,"TM2","TMD",0,53.8,1.39447033405304,"V",100,2
179,"ARG",2.226,-4.044,14.023,"TM2","TMD",0,33.8,1.50764322280884,"R",38.4615384615385,1
180,"ALA",-1.156,-2.07,14.163,"TM2","TMD",20.2,11.6,1.93616020679474,"A",46.1538461538462,1
181,"ALA",-3.811,-2.72,11.47,"TM2","TMD",0,2,1.21771347522736,"A",76.9230769230769,1
182,"ILE",-0.874,-2.405,8.997,"TM2","TMD",0.4,0,0.963429927825928,"I",76.9230769230769,1
183,"PRO",-1.127,-5.898,7.278,"TM2","TMD",0,0,0.952278256416321,"P",100,0
184,"ILE",-4.812,-5.264,6.294,"TM2","TMD",0,1.6,0.921945810317993,"I",100,0
185,"ILE",-3.782,-1.949,4.684,"TM2","TMD",0,0,0.8291055560112,"I",100,0
186,"MET",-1.37,-3.946,2.319,"TM2","TMD",0,0,0.878139793872833,"M",100,2
187,"GLY",-3.914,-6.41,0.859,"TM2","TMD",0,1.2,1.11750495433807,"G",100,0
188,"ALA",-6.562,-3.909,0.121,"TM2","TMD",1,16.2,1.18134891986847,"A",38.4615384615385,0
189,"ASN",-5.48,-0.311,0.155,"TM2","TMD",0,1.8,0.829462110996246,"N",100,2
190,"ILE",-1.878,-0.668,-1.052,"TM2","TMD",0,0,0.866962492465973,"I",76.9230769230769,0
191,"GLY",-2.711,-3.67,-3.222,"TM2","TMD",0,0.2,0.962480425834656,"G",100,0
192,"THR",-5.168,-1.518,-5.187,"TM2","TMD",0,22.4,0.877788305282593,"T",100,1
193,"SER",-2.341,1.094,-5.77,"TM2","TMD",0,3.2,1.01231575012207,"S",100,1
194,"ILE",-0.276,-1.841,-7.059,"TM2","TMD",0,0,1.14342641830444,"I",61.5384615384615,0
195,"THR",-3.017,-3.193,-9.402,"TM2","TMD",0,0,1.09487235546112,"T",100,2
196,"ASN",-3.342,0.33,-10.793,"TM2","TMD",0,0,1.13609862327576,"N",76.9230769230769,2
197,"THR",0.525,0.726,-10.934,"TM2","TMD",0,0.2,1.30545139312744,"T",100,2
198,"ILE",0.8,-2.633,-13.037,"TM2","TMD",0,1,1.43189024925232,"I",76.9230769230769,3
199,"VAL",-1.845,-1.139,-15.467,"EMD4","CD",0,0,1.36135864257812,"V",100,1
200,"ALA",0.133,2.189,-15.579,"EMD4","CD",0,0.4,1.55954492092133,"A",76.9230769230769,1
201,"LEU",3.355,0.215,-16.483,"EMD4","CD",0,23.6,1.80348205566406,"L",76.9230769230769,0
202,"MET",1.441,-1.638,-19.116,"EMD4","CD",0,39.8,1.87133169174194,"M",76.9230769230769,1
203,"GLN",-0.981,0.973,-20.471,"EMD4","CD",0.4,82.4,1.86800158023834,"Q",100,2
204,"VAL",-0.433,4.61,-19.448,"EMD4","CD",0,37.4,1.75962567329407,"V",15.3846153846154,0
205,"GLY",0.374,5.444,-23.152,"EMD4","CD",0,45.6,1.74598813056946,"G",100,1
206,"ASP",2.443,7.645,-25.512,"EMD4","CD",0.2,93.2,2.02141261100769,"D",100,1
207,"ARG",2.013,11.404,-25.809,"EMD4","CD",0,85.8,2.18126201629639,"R",100,0
208,"SER",5.516,12.3,-27.319,"EMD4","CD",36.8,62.8,3.01688528060913,"S",15.3846153846154,0
209,"GLU",7.13,15.721,-26.284,"EMD4","CD",12.8,99.6,2.69133901596069,"E",61.5384615384615,0
210,"PHE",9.612,14.336,-23.581,"EMD4","CD",0.2,28,2.51752138137817,"F",100,2
211,"ARG",7.438,11.511,-22.171,"EMD4","CD",0,87.2,2.0621497631073,"R",76.9230769230769,2
212,"ARG",7.693,7.744,-22.952,"EMD4","CD",0,87,1.949791431427,"R",100,2
213,"ALA",4.682,5.259,-23.335,"EMD4","CD",0,45.4,1.75632643699646,"A",100,1
214,"PHE",5.509,3.056,-20.382,"EMD4","CD",0,46,1.66325676441193,"F",100,0
215,"ALA",6.452,5.744,-17.833,"EMD4","CD",0.2,1.6,1.70198738574982,"A",76.9230769230769,0
216,"GLY",4.049,4.29,-15.053,"EMD4","CD",0,3.8,1.53610706329346,"G",100,0
217,"ALA",5.297,6.267,-12.085,"TM3","TMD",0,3.6,1.56048929691315,"A",76.9230769230769,1
218,"THR",4.546,9.736,-13.69,"TM3","TMD",0,38.4,1.62099623680115,"T",76.9230769230769,0
219,"VAL",0.985,9.032,-12.518,"TM3","TMD",0,0.4,1.52879869937897,"V",100,0
220,"HSE",2.557,9.157,-9.105,"TM3","TMD",0,10,1.47986543178558,"H",100,3
221,"ASP",5.025,12.032,-9.614,"TM3","TMD",0,15.2,1.60347819328308,"D",76.9230769230769,3
222,"PHE",2.927,14.38,-11.669,"TM3","TMD",1.2,6.4,1.71657967567444,"F",38.4615384615385,1
223,"PHE",-0.792,13.851,-11.395,"TM3","TMD",0,0,1.67061161994934,"F",100,2
224,"ASN",-1.114,12.389,-7.855,"TM3","TMD",0,23.2,1.49279248714447,"N",100,3
225,"TRP",0.957,15.449,-6.662,"TM3","TMD",0,6.4,1.62473881244659,"W",100,1
226,"LEU",-1.664,17.637,-8.392,"TM3","TMD",0,0,1.67015957832336,"L",100,1
227,"SER",-4.277,15.692,-6.333,"TM3","TMD",0,15.6,1.51799893379211,"S",76.9230769230769,0
228,"VAL",-2.446,16.423,-3.05,"TM3","TMD",0,0,1.54684913158417,"V",100,1
229,"LEU",-2.455,20.202,-4.026,"TM3","TMD",0,0,1.6377260684967,"L",92.3076923076923,0
230,"VAL",-6.245,20.216,-4.625,"TM3","TMD",0,15.4,1.56351125240326,"V",100,1
231,"LEU",-7.016,18.235,-1.315,"TM3","TMD",0,1,1.50242912769318,"L",100,1
232,"LEU",-4.916,20.662,0.775,"TM3","TMD",0,0,1.55037891864777,"L",100,0
233,"PRO",-7.172,23.826,0.983,"TM3","TMD",0,0,1.73246705532074,"P",100,0
234,"VAL",-10.282,21.761,1.671,"TM3","TMD",0,0,1.65978872776031,"V",15.3846153846154,1
235,"GLU",-8.632,19.712,4.379,"TM3","TMD",0,98.2,1.44727730751038,"E",100,1
236,"VAL",-7.508,22.756,6.338,"TM3","TMD",0,0,1.665358543396,"V",15.3846153846154,1
237,"ALA",-11.001,24.261,5.81,"TM3","TMD",0,0.2,1.83064198493958,"A",100,0
238,"THR",-12.8,21.212,7.133,"TM3","TMD",0,49,1.67845678329468,"T",100,0
239,"HSE",-10.301,20.727,10.015,"TM3","TMD",0,54.2,1.69006025791168,"H",30.7692307692308,1
240,"TYR",-11.094,24.314,10.912,"TM3","TMD",0,60,2.04732370376587,"Y",76.9230769230769,0
241,"LEU",-14.683,23.487,12.025,"TM3","TMD",0.2,41.2,2.25164890289307,"L",100,0
242,"GLU",-13.798,22.044,15.502,"EMD5","ECD",34.4,96.2,2.20932674407959,"E",61.5384615384615,0
243,"ILE",-10.786,19.636,16.107,"EMD5","ECD",41.2,47.6,1.84419524669647,"I",23.0769230769231,0
244,"ILE",-10.144,18.401,19.705,"EMD5","ECD",0,34.4,1.7450407743454,"I",30.7692307692308,0
245,"THR",-6.705,17.044,20.809,"EMD5","ECD",0,80.8,1.76996636390686,"T",76.9230769230769,0
246,"GLN",-6.483,13.237,21.436,"EMD5","ECD",0.6,68.6,1.7648549079895,"Q",15.3846153846154,1
247,"LEU",-9.75,12.526,19.495,"EMD5","ECD",0.2,49.8,1.74046587944031,"L",100,1
248,"ILE",-10.293,11.639,15.821,"EMD5","ECD",0,55,1.62718999385834,"I",15.3846153846154,1
249,"VAL",-12.842,8.703,15.866,"EMD5","ECD",0,53,1.51264345645905,"V",61.5384615384615,0
250,"GLU",-15.957,7.717,17.797,"EMD5","ECD",0,96.4,1.52616608142853,"E",30.7692307692308,2
251,"SER",-15.308,4.945,18.907,"EMD5","ECD",8.8,56,1.5569703578949,"S",61.5384615384615,2
252,"PHE",-16.831,5.721,22.312,"EMD5","ECD",0,39.4,2.31588172912598,"F",76.9230769230769,1
253,"HSE",-16.076,5.08,25.276,"EMD5","ECD",0,55.6,2.55289936065674,"H",23.0769230769231,2
254,"PHE",-13.275,2.449,24.776,"EMD5","ECD",1.6,40.6,2.24688339233398,"F",30.7692307692308,0
255,"LYS",-9.582,3.403,25.065,"EMD5","ECD",0,73.6,1.86175978183746,"K",23.0769230769231,1
256,"ASN",-6.542,1.607,26.645,"EMD5","ECD",0,71.8,1.80227732658386,"N",38.4615384615385,3
257,"GLY",-5.251,3.041,29.861,"EMD5","ECD",0,52.4,1.93801307678223,"G",92.3076923076923,0
258,"GLU",-6.672,3.461,33.461,"EMD5","ECD",1.4,98.8,2.20483255386353,"E",38.4615384615385,1
259,"ASP",-7.993,7.066,33.019,"EMD5","ECD",0,82.6,2.18401980400085,"D",69.2307692307692,2
260,"ALA",-8.15,7.245,29.215,"EMD5","ECD",0,17.6,2.10652565956116,"A",100,0
261,"PRO",-11.828,5.958,28.88,"EMD5","ECD",0,3.4,2.22101306915283,"P",100,0
262,"ASP",-12.698,8.212,31.706,"EMD5","ECD",0,96,2.26781249046326,"D",92.3076923076923,2
263,"LEU",-11.04,11.209,29.813,"EMD5","ECD",0,38.6,2.2852680683136,"L",61.5384615384615,3
264,"LEU",-13.387,10.659,26.804,"EMD5","ECD",0,42.2,2.4542236328125,"L",100,3
265,"LYS",-16.163,10.789,29.254,"EMD5","ECD",0,84,2.54461073875427,"K",100,1
266,"VAL",-15.185,14.401,30.41,"EMD5","ECD",0,54.4,2.6506781578064,"V",61.5384615384615,1
267,"ILE",-17.891,16.979,29.599,"EMD5","ECD",0,58.6,3.27254748344421,"I",76.9230769230769,0
268,"THR",-16.043,20.245,30.07,"EMD5","ECD",0.2,79.8,3.30708432197571,"T",100,0
269,"LYS",-12.998,21.989,28.447,"EMD5","ECD",0,86.6,3.52279090881348,"K",23.0769230769231,0
270,"PRO",-9.475,21.576,29.904,"EMD5","ECD",0.2,46.2,3.430100440979,"P",100,0
271,"PHE",-9.038,23.391,33.284,"EMD5","ECD",0,38,3.49216389656067,"F",92.3076923076923,0
272,"THR",-7.842,27.098,33.224,"EMD5","ECD",0.6,85.2,3.60172438621521,"T",100,0
273,"LYS",-4.234,27.327,34.531,"EMD5","ECD",1.6,88.6,3.33926773071289,"K",69.2307692307692,0
274,"LEU",-4.011,23.568,35.671,"EMD5","ECD",0,44,2.91822648048401,"L",100,1
275,"ILE",-0.481,22.107,35.774,"EMD5","ECD",2.6,12,2.52936339378357,"I",100,0
276,"VAL",1.062,20.8,32.42,"EMD5","ECD",32,51.2,2.56562733650208,"V",23.0769230769231,1
277,"GLN",-1.43,21.532,29.665,"EMD5","ECD",11.6,71.6,3.35866332054138,"Q",100,1
278,"LEU",-2.945,24.727,27.944,"EMD5","ECD",0,53.6,3.76949858665466,"L",100,0
279,"ASP",-6.729,25.217,27.768,"EMD5","ECD",0,98.4,5.40152311325073,"D",100,0
280,"LYS",-6.853,26.956,24.247,"EMD5","ECD",0,79.8,5.37661695480347,"K",61.5384615384615,0
281,"LYS",-6.706,24.74,20.964,"EMD5","ECD",5.2,79.2,5.15238761901855,"K",30.7692307692308,0
282,"VAL",-3.05,23.238,20.671,"EMD5","ECD",0.2,45.2,3.91833114624023,"V",76.9230769230769,0
283,"ILE",-1.648,19.687,20.232,"EMD5","ECD",0.2,46.6,3.47138404846191,"I",84.6153846153846,1
284,"SER",-1.03,17.932,23.532,"EMD5","ECD",0,77.6,3.07712507247925,"S",15.3846153846154,0
285,"GLN",2.415,16.447,23.583,"EMD5","ECD",7,73.4,2.64743709564209,"Q",38.4615384615385,0
286,"ILE",1.251,14.087,26.315,"EMD5","ECD",0,35.8,2.73697257041931,"I",69.2307692307692,0
287,"ALA",1.402,11.109,23.959,"EMD5","ECD",0,50.6,2.42502617835999,"A",84.6153846153846,0
288,"MET",4.735,12.236,22.373,"EMD5","ECD",0.2,5,1.96687257289886,"M",38.4615384615385,1
289,"ASN",6.879,13.822,24.987,"EMD5","ECD",0,56.2,1.67597472667694,"N",23.0769230769231,0
290,"ASP",7.92,12.508,28.572,"EMD5","ECD",99.2,97.6,1.53091108798981,"D",76.9230769230769,0
291,"GLU",8.647,8.852,29.538,"EMD5","ECD",0,99,1.4729437828064,"E",61.5384615384615,2
292,"LYS",7.124,8.924,33.093,"EMD5","ECD",0,82.2,1.87055087089539,"K",15.3846153846154,0
293,"ALA",3.897,7.313,34.264,"EMD5","ECD",5.6,56.8,2.23843550682068,"A",30.7692307692308,0
294,"LYS",4.01,6.114,37.929,"EMD5","ECD",0,76.2,2.73599028587341,"K",15.3846153846154,1
295,"ASN",6.646,8.019,39.954,"EMD5","ECD",0,69.2,2.56383657455444,"N",100,1
296,"LYS",6.864,11.849,39.553,"EMD5","ECD",0.6,87,2.41872525215149,"K",38.4615384615385,0
297,"SER",4.301,12.029,36.749,"EMD5","ECD",0.2,74.6,2.40506052970886,"S",100,0
298,"LEU",2.507,15.341,36.343,"EMD5","ECD",0,25.4,2.48564457893372,"L",92.3076923076923,1
299,"VAL",0.488,13.809,33.414,"EMD5","ECD",0,2.8,2.52949047088623,"V",15.3846153846154,0
300,"LYS",-0.878,11.544,36.26,"EMD5","ECD",0,73.4,2.46419858932495,"K",61.5384615384615,0
301,"ILE",-1.842,14.56,38.498,"EMD5","ECD",0,0.2,2.53400254249573,"I",69.2307692307692,0
302,"TRP",-3.382,16.218,35.362,"EMD5","ECD",0,13.4,2.51040172576904,"W",100,2
303,"CYS",-5.272,13.094,34.372,"EMD5","ECD",0,0.4,2.37791919708252,"C",100,1
304,"LYS",-6.915,12.382,37.919,"EMD5","ECD",0,44,2.36814498901367,"K",38.4615384615385,3
305,"THR",-7.568,16.234,38.504,"EMD5","ECD",0,55,2.45029592514038,"T",38.4615384615385,0
306,"PHE",-9.317,16.645,35.036,"EMD5","ECD",0,32.4,2.43219256401062,"F",23.0769230769231,2
307,"THR",-11.373,13.32,35.669,"EMD5","ECD",0,44.6,2.34923720359802,"T",30.7692307692308,2
308,"ASN",-12.092,14.425,39.261,"EMD5","ECD",4.8,76.2,2.35935568809509,"N",46.1538461538462,0
309,"LYS",-10.786,11.585,41.337,"EMD5","ECD",0,65.4,2.33633422851562,"K",15.3846153846154,2
310,"THR",-9.482,13.947,44.01,"EMD5","ECD",2.6,59.2,2.26641368865967,"T",53.8461538461538,1
311,"GLN",-12.591,15.882,45.236,"EMD5","ECD",0,48.4,2.71970748901367,"Q",46.1538461538462,0
312,"ILE",-12.366,16.656,49.009,"EMD5","ECD",0.2,60.6,4.27380514144897,"I",7.69230769230769,0
313,"ASN",-13.775,14.816,50.987,"EMD5","ECD",0,78.2,5.61741876602173,"N",46.1538461538462,0
314,"VAL",-15.984,12.722,48.648,"EMD5","ECD",0,47.6,5.75904750823975,"V",38.4615384615385,0
315,"THR",-13.531,11.205,46.032,"EMD5","ECD",0.4,54.6,5.19891357421875,"T",38.4615384615385,0
316,"VAL",-10.166,11.404,47.695,"EMD5","ECD",0,46.6,5.30080270767212,"V",38.4615384615385,0
317,"PRO",-8.067,8.201,48.215,"EMD5","ECD",0,45.4,6.22567558288574,"P",46.1538461538462,0
318,"SER",-8.01,7.22,51.854,"EMD5","ECD",1,75.4,7.20897150039673,"S",38.4615384615385,0
319,"THR",-4.644,6.222,53.447,"EMD5","ECD",5.8,81,8.11697006225586,"T",23.0769230769231,0
320,"ALA",-4.121,2.386,53.343,"EMD5","ECD",0.8,54,8.08139038085938,"A",15.3846153846154,0
321,"ASN",-1.045,0.224,54.194,"EMD5","ECD",0.2,78.8,7.34150505065918,"N",38.4615384615385,0
322,"CYS",-2.179,-2.557,51.813,"EMD5","ECD",0.6,48,7.41418790817261,"C",61.5384615384615,0
323,"THR",-0.523,-2.619,48.303,"EMD5","ECD",0.8,78.6,5.98681497573853,"T",69.2307692307692,0
324,"SER",-2.835,-1.921,45.239,"EMD5","ECD",10.2,78.8,5.56383371353149,"S",76.9230769230769,0
325,"PRO",-1.307,-3.338,41.977,"EMD5","ECD",0,51.4,4.39382791519165,"P",38.4615384615385,0
326,"SER",-2.029,-1.291,38.761,"EMD5","ECD",0.8,73.4,4.04236459732056,"S",38.4615384615385,0
327,"LEU",-1.569,-1.17,35.028,"EMD5","ECD",1.4,59.2,3.42051005363464,"L",38.4615384615385,0
328,"CYS",1.748,-2.051,33.137,"EMD5","ECD",76.2,46.8,2.94893169403076,"C",38.4615384615385,2
329,"TRP",2.53,-4.547,36.067,"EMD5","ECD",0.4,61,3.40212750434875,"W",38.4615384615385,0
330,"THR",5.988,-6.214,36.02,"EMD5","ECD",35.6,72.8,4.32594776153564,"T",38.4615384615385,0
331,"ASP",7.878,-3.942,36.151,"EMD5","ECD",0.6,99,3.77209615707397,"D",38.4615384615385,0
332,"GLY",7.577,-0.665,34.143,"EMD5","ECD",0,27.2,2.71456694602966,"G",38.4615384615385,0
333,"ILE",7.497,2.588,36.075,"EMD5","ECD",0,25,2.52747583389282,"I",30.7692307692308,2
334,"GLN",7.742,4.572,32.859,"EMD5","ECD",0,77,2.05613684654236,"Q",30.7692307692308,1
335,"ASN",5.035,4.797,30.064,"EMD5","ECD",0.4,60.2,1.81829416751862,"N",7.69230769230769,1
336,"TRP",4.626,1.527,28.179,"EMD5","ECD",0,32.6,1.89557456970215,"W",38.4615384615385,3
337,"THR",3.68,2.605,24.755,"EMD5","ECD",0,37.8,1.49876070022583,"T",38.4615384615385,0
338,"MET",6.019,4.79,22.678,"EMD5","ECD",36.2,30.8,0.894201993942261,"M",15.3846153846154,1
339,"LYS",6.834,8.278,23.961,"EMD5","ECD",0,26.8,0.783296525478363,"K",23.0769230769231,1
340,"ASN",8.911,9.57,20.975,"EMD5","ECD",19.4,56,0.780689597129822,"N",38.4615384615385,1
341,"VAL",12.443,8.616,22.111,"EMD5","ECD",0,30.4,0.992445528507233,"V",38.4615384615385,0
342,"THR",12.866,7.103,18.69,"EMD5","ECD",84.4,39,0.950497984886169,"T",46.1538461538462,1
343,"TYR",13.863,3.503,18.724,"EMD5","ECD",1.2,75,1.27533495426178,"Y",23.0769230769231,1
344,"LYS",10.317,2.18,18.851,"EMD5","ECD",13.6,35.8,1.08406174182892,"K",38.4615384615385,3
345,"GLU",10.752,2.202,22.633,"EMD5","ECD",13,36.6,0.948330640792847,"E",53.8461538461538,1
346,"ASN",11.248,-1.565,23.387,"EMD5","ECD",4.4,70.4,1.11028742790222,"N",38.4615384615385,0
347,"ILE",8.45,-2.709,21.107,"EMD5","ECD",50.8,29,1.3351126909256,"I",38.4615384615385,1
348,"ALA",6.069,-3.887,23.937,"EMD5","ECD",8.4,43.8,1.8546838760376,"A",38.4615384615385,0
349,"LYS",6.227,-3.684,27.748,"EMD5","ECD",0.4,73.8,2.48697376251221,"K",76.9230769230769,1
350,"CYS",2.548,-4.227,28.425,"EMD5","ECD",23.4,40.8,2.51398921012878,"C",100,2
351,"GLN",0.868,-7.552,29.334,"EMD5","ECD",8,81,2.79736828804016,"Q",38.4615384615385,0
352,"HSE",-2.533,-6.662,28.008,"EMD5","ECD",0,58,3.26872944831848,"H",100,0
353,"ILE",-5.241,-8.217,25.761,"EMD5","ECD",0,44.8,3.76430130004883,"I",76.9230769230769,0
354,"PHE",-5.381,-5.15,23.43,"EMD5","ECD",0,43.6,3.2255961894989,"F",100,1
355,"VAL",-1.589,-4.905,23.254,"EMD5","ECD",0,48.6,2.39065003395081,"V",76.9230769230769,0
356,"ASN",-1.437,-8.607,22.2,"EMD5","ECD",0,72.2,3.23221969604492,"N",38.4615384615385,0
357,"PHE",0.285,-10.353,19.323,"EMD5","ECD",36.2,8.8,2.97102570533752,"F",38.4615384615385,1
358,"HSE",3.097,-8.458,17.556,"EMD5","ECD",0,72,2.30872559547424,"H",15.3846153846154,1
359,"LEU",4.717,-9.47,14.212,"EMD5","ECD",0,15.8,2.4864182472229,"L",100,0
360,"PRO",8.057,-8.14,12.548,"TM4","TMD",0.4,9.4,2.42616677284241,"P",69.2307692307692,0
361,"ASP",6.96,-4.549,11.802,"TM4","TMD",0,94,1.95245683193207,"D",100,2
362,"LEU",9.457,-4.106,8.916,"TM4","TMD",0,29.4,1.81447720527649,"L",92.3076923076923,0
363,"ALA",8.225,-7.316,7.076,"TM4","TMD",31.2,6.4,2.28084230422974,"A",92.3076923076923,0
364,"VAL",4.668,-6.045,6.118,"TM4","TMD",0,5,1.58542561531067,"V",100,2
365,"GLY",5.655,-5.137,2.435,"TM4","TMD",0,11,1.40574502944946,"G",100,1
366,"THR",6.084,-8.904,1.808,"TM4","TMD",0,39.8,1.30416178703308,"T",23.0769230769231,0
367,"ILE",2.258,-9.16,1.457,"TM4","TMD",0,0,1.252077460289,"I",100,0
368,"LEU",2.682,-6.832,-1.551,"TM4","TMD",0,0,1.19192147254944,"L",100,1
369,"LEU",4.988,-9.283,-3.258,"TM4","TMD",0,0.2,1.11577045917511,"L",100,0
370,"ILE",2.413,-12.021,-2.339,"TM4","TMD",0,0,1.16276288032532,"I",23.0769230769231,0
371,"LEU",-0.341,-9.873,-3.787,"TM4","TMD",0,0,1.33611714839935,"L",15.3846153846154,0
372,"SER",1.619,-9.407,-7.13,"TM4","TMD",0,0,1.24390125274658,"S",100,1
373,"LEU",1.817,-13.161,-7.322,"TM4","TMD",0,0,1.15544581413269,"L",100,0
374,"LEU",-1.969,-13.516,-6.605,"TM4","TMD",0,0,1.37540340423584,"L",53.8461538461538,0
375,"VAL",-2.549,-10.836,-9.447,"TM4","TMD",0,0.2,1.43384671211243,"V",61.5384615384615,2
376,"LEU",-0.223,-12.697,-11.767,"TM4","TMD",0,0.4,1.30783128738403,"L",100,1
377,"CYS",-2.444,-15.803,-11.05,"TM4","TMD",0,0,1.43851220607758,"C",100,0
378,"GLY",-5.509,-13.43,-11.513,"TM4","TMD",0,2.2,1.65539944171906,"G",38.4615384615385,0
379,"CYS",-4.144,-12.897,-15.08,"TM4","TMD",0,22.4,1.56393194198608,"C",100,0
380,"LEU",-3.883,-16.644,-15.667,"TM4","TMD",0,0,1.59339451789856,"L",100,3
381,"ILE",-7.736,-16.76,-16.27,"EMD6","CD",0,1.4,1.82178044319153,"I",76.9230769230769,2
382,"MET",-10.664,-12.907,-19.279,"EMD6","CD",6.6,0,1.93250250816345,"M",30.7692307692308,2
383,"ILE",-8.37,-10.973,-21.833,"EMD6","CD",0,2,1.70887470245361,"I",61.5384615384615,1
384,"VAL",-9.407,-13.327,-24.692,"EMD6","CD",0,41.8,1.73146331310272,"V",100,4
385,"LYS",-13,-13.412,-23.348,"EMD6","CD",0,58.6,1.78004801273346,"K",100,0
386,"ILE",-13.462,-9.659,-23.99,"EMD6","CD",0,54.8,1.69672453403473,"I",15.3846153846154,1
387,"LEU",-11.472,-9.97,-27.35,"EMD6","CD",0,49.8,1.60858952999115,"L",100,1
388,"GLY",-13.652,-9.916,-30.432,"EMD6","CD",0,60.6,1.68388795852661,"G",38.4615384615385,0
389,"SER",-11.955,-8.084,-33.359,"EMD6","CD",2.8,82.6,1.64384531974792,"S",100,0
390,"VAL",-8.221,-7.066,-32.833,"EMD6","CD",6,55.8,1.57958495616913,"V",61.5384615384615,2
391,"LEU",-7.694,-3.348,-32.012,"EMD6","CD",0,6,1.5740567445755,"L",100,1
392,"LYS",-4.922,-1.721,-34.105,"EMD6","CD",1.4,82.8,1.81486928462982,"K",61.5384615384615,0
393,"GLY",-6.017,1.864,-34.552,"EMD6","CD",0,7.8,1.82925581932068,"G",100,0
394,"GLN",-4.844,4.93,-32.645,"EMD6","CD",0.4,78.6,1.70489680767059,"Q",76.9230769230769,0
395,"VAL",-6.196,3.786,-29.131,"EMD6","CD",0,24,1.68370342254639,"V",84.6153846153846,2
396,"ALA",-4.069,0.625,-29.442,"EMD6","CD",0,1.2,1.59712541103363,"A",92.3076923076923,0
397,"THR",-1.239,2.492,-31.144,"EMD6","CD",0,55.4,1.6025083065033,"T",30.7692307692308,0
398,"VAL",-0.805,4.991,-28.145,"EMD6","CD",0,4.4,1.68280982971191,"V",76.9230769230769,1
399,"ILE",-0.118,1.986,-25.802,"EMD6","CD",0,4.8,1.74175262451172,"I",69.2307692307692,1
400,"LYS",2.243,0.493,-28.423,"EMD6","CD",0.4,82.4,1.6521178483963,"K",53.8461538461538,0
401,"LYS",-0.308,-2.246,-29.484,"EMD6","CD",0,71.6,1.51773715019226,"K",69.2307692307692,1
402,"THR",0.635,-3.981,-26.108,"EMD6","CD",0,68.6,1.64539086818695,"T",38.4615384615385,0
403,"ILE",-3.062,-4.68,-25.415,"EMD6","CD",0,41.2,1.56037557125092,"I",76.9230769230769,1
404,"ASN",-5.467,-5.315,-28.37,"EMD6","CD",0,11.6,1.46479105949402,"N",92.3076923076923,4
405,"THR",-8.676,-5.262,-26.487,"EMD6","CD",0,74.8,1.53419733047485,"T",76.9230769230769,0
406,"ASP",-11.205,-2.363,-26.759,"EMD6","CD",0,99.8,1.53098881244659,"D",100,0
407,"PHE",-13.458,-3.017,-23.793,"EMD6","CD",1.6,26,1.76749861240387,"F",92.3076923076923,1
408,"PRO",-14.105,0.122,-21.667,"EMD6","CD",0,8.4,1.96918928623199,"P",100,0
409,"PHE",-13.906,2.886,-24.291,"EMD6","CD",0.2,34,1.82011032104492,"F",53.8461538461538,1
410,"PRO",-17.68,2.857,-25.43,"EMD6","CD",0,44.6,1.87538409233093,"P",100,0
411,"PHE",-18.528,3.264,-21.583,"EMD6","CD",0,37,1.82030618190765,"F",92.3076923076923,1
412,"ALA",-16.382,6.365,-21.146,"EMD6","CD",2,53.6,2.08522868156433,"A",30.7692307692308,0
413,"TRP",-19.43,8.473,-21.864,"EMD6","CD",0.6,57.6,1.81268179416656,"W",100,0
414,"LEU",-20.267,12.159,-22.442,"EMD6","CD",32.2,64.6,1.94424724578857,"L",53.8461538461538,0
415,"THR",-17.709,14.853,-23.226,"loop2","loop",0,70.4,2.24964475631714,"T",76.9230769230769,0
416,"GLY",-16.146,17.854,-21.472,"loop2","loop",0,31.4,2.39777064323425,"G",100,0
417,"TYR",-17.204,18.843,-17.909,"loop2","loop",0,39.2,2.24820899963379,"Y",100,1
418,"LEU",-20.129,16.507,-18.426,"loop2","loop",0,15.4,2.03018808364868,"L",61.5384615384615,0
419,"ALA",-17.508,13.746,-18.803,"loop2","loop",0,4.2,1.78739380836487,"A",100,0
420,"ILE",-15.782,14.867,-15.537,"loop2","loop",0,0,1.63990473747253,"I",53.8461538461538,1
421,"LEU",-19.085,14.56,-13.526,"loop2","loop",0,0,1.58153223991394,"L",61.5384615384615,0
422,"VAL",-19.861,11.028,-15.118,"loop2","loop",0,0.2,1.37977039813995,"V",92.3076923076923,0
423,"GLY",-16.512,9.924,-14.086,"loop2","loop",0,0,1.23530805110931,"G",100,0
424,"ALA",-16.868,11.406,-10.605,"loop2","loop",0,0,1.19179689884186,"A",100,2
425,"GLY",-20.213,9.308,-10.548,"loop2","loop",0,0,1.18390822410583,"G",61.5384615384615,0
426,"MET",-18.471,6.077,-11.785,"loop2","loop",0,0,1.02506017684937,"M",76.9230769230769,0
427,"THR",-15.689,6.634,-9.181,"loop2","loop",0,0,0.920584499835968,"T",100,0
428,"PHE",-18.191,7.166,-6.537,"loop2","loop",0,0,0.959352195262909,"F",100,2
429,"ILE",-19.737,3.636,-7.135,"loop2","loop",0,0,0.968271315097809,"I",46.1538461538462,0
430,"VAL",-16.269,2.131,-6.826,"loop2","loop",0,0.2,0.84013420343399,"V",76.9230769230769,1
431,"GLN",-15.545,4.383,-3.688,"loop2","loop",0,22.4,0.783550322055817,"Q",100,3
432,"SER",-18.751,2.823,-2.206,"loop2","loop",0,1.4,0.919999480247498,"S",100,1
433,"SER",-18.235,-0.796,-3.392,"loop2","loop",0,1.8,0.920419931411743,"S",100,0
434,"SER",-14.778,-0.499,-1.743,"loop2","loop",38.8,5.6,1.07266747951508,"S",100,0
435,"VAL",-11.603,-2.694,-1.83,"loop2","loop",0.8,4,0.861970067024231,"V",100,0
436,"PHE",-13.282,-5.739,-3.343,"loop2","loop",0,0.2,1.19623529911041,"F",100,0
437,"THR",-14.201,-3.58,-6.491,"loop2","loop",0,3,0.932651579380035,"T",100,0
438,"SER",-11.295,-1.05,-6.659,"loop2","loop",0,0.4,0.864003539085388,"S",76.9230769230769,2
439,"ALA",-8.61,-3.722,-6.631,"loop2","loop",0,0,0.973114192485809,"A",100,0
440,"LEU",-9.982,-5.574,-9.703,"loop2","loop",0,0,0.969931066036224,"L",15.3846153846154,0
441,"THR",-11.066,-2.326,-11.484,"loop2","loop",0.2,19.2,0.921777665615082,"T",76.9230769230769,1
442,"PRO",-7.771,-1.76,-13.357,"loop2","loop",0,18.6,1.10186767578125,"P",100,3
443,"LEU",-7.257,-5.524,-13.982,"loop2","loop",0,31.6,1.29522979259491,"L",100,0
444,"ILE",-10.208,-5.632,-16.455,"loop2","loop",0,25.2,1.50193011760712,"I",69.2307692307692,1
445,"GLY",-9.56,-2.053,-17.902,"EMD7","CD",0,31.2,1.43147659301758,"G",100,0
446,"ILE",-7.859,1.241,-17.707,"EMD7","CD",1.6,48.4,1.33118975162506,"I",38.4615384615385,0
447,"GLY",-8.414,2.47,-14.212,"EMD7","CD",0,31,1.46074438095093,"G",100,1
448,"VAL",-11.802,3.886,-13.293,"EMD7","CD",0,3.8,1.31585311889648,"V",100,1
449,"ILE",-13.711,4.111,-16.681,"EMD7","CD",0.6,39,1.51555323600769,"I",100,1
450,"THR",-13.76,7.766,-17.815,"EMD7","CD",2.4,61,1.46881067752838,"T",15.3846153846154,1
451,"ILE",-11.562,9.966,-20.046,"EMD7","CD",0,34.2,1.63117980957031,"I",76.9230769230769,0
452,"GLU",-8.549,9.932,-20.21,"EMD7","CD",0.4,98.8,1.78534829616547,"E",84.6153846153846,0
453,"ARG",-5.391,7.647,-19.621,"EMD7","CD",49.6,98,1.72146487236023,"R",100,1
454,"ALA",-3.529,9.016,-16.383,"TM5","TMD",0,9.4,1.70000815391541,"A",100,1
455,"TYR",-6.527,10.772,-14.746,"TM5","TMD",0,3.2,1.57187020778656,"Y",100,2
456,"PRO",-8.478,7.426,-14.334,"TM5","TMD",0,0,1.33178579807281,"P",100,1
457,"LEU",-5.53,5.968,-12.442,"TM5","TMD",0,0,1.26331889629364,"L",100,1
458,"THR",-5.434,8.979,-10.038,"TM5","TMD",0,5.2,1.27301955223083,"T",76.9230769230769,1
459,"LEU",-9.19,8.521,-9.318,"TM5","TMD",0,0,1.11979627609253,"L",100,1
460,"GLY",-8.244,4.908,-8.502,"TM5","TMD",0,0,1.06435322761536,"G",100,1
461,"SER",-5.587,6.203,-6.035,"TM5","TMD",0,1.8,1.01934599876404,"S",92.3076923076923,1
462,"ASN",-8.406,8.265,-4.465,"TM5","TMD",0,23.8,0.939663648605347,"N",100,0
463,"ILE",-10.253,4.991,-3.848,"TM5","TMD",0,0,0.755255818367004,"I",100,3
464,"GLY",-7.06,4.211,-1.983,"TM5","TMD",0,0,0.81685483455658,"G",100,0
465,"THR",-7.181,7.405,0.09,"TM5","TMD",0,19.4,0.866739392280579,"T",100,1
466,"THR",-10.976,7.03,0.921,"TM5","TMD",0,0,0.774410367012024,"T",100,0
467,"THR",-10.725,3.294,1.758,"TM5","TMD",0,0.6,0.725921511650085,"T",100,1
468,"THR",-7.664,3.94,3.937,"TM5","TMD",0,11.2,0.761957406997681,"T",100,0
469,"ALA",-9.661,6.521,5.869,"TM5","TMD",0,27.6,0.950776219367981,"A",100,0
470,"ILE",-12.575,4.146,6.317,"TM5","TMD",0,0,0.989296674728394,"I",76.9230769230769,1
471,"LEU",-10.111,1.334,7.407,"TM5","TMD",0,0,0.85500305891037,"L",100,1
472,"ALA",-8.92,3.385,10.226,"TM5","TMD",0,28.2,0.944044470787048,"A",100,0
473,"ALA",-12.408,4.071,11.788,"TM5","TMD",0,27,1.21579837799072,"A",100,0
474,"LEU",-13.468,0.325,11.335,"TM5","TMD",0,18.8,1.21981620788574,"L",100,0
475,"ALA",-10.196,-0.791,13.053,"TM5","TMD",0,49.6,1.23578858375549,"A",100,0
476,"SER",-10.647,1.629,16.087,"TM5","TMD",0.2,31.6,1.36914122104645,"S",100,0
477,"PRO",-12.206,0.483,19.514,"EMD8","ECD",0.4,4,1.58759653568268,"P",100,1
478,"GLY",-16.067,0.426,19.945,"EMD8","ECD",0,38.6,1.45113921165466,"G",38.4615384615385,0
479,"ASN",-18.894,0.794,17.404,"EMD8","ECD",0.2,67.6,1.37257254123688,"N",30.7692307692308,1
480,"ALA",-18.376,3.113,14.358,"EMD8","ECD",0,23.6,1.28903901576996,"A",15.3846153846154,0
481,"LEU",-22.002,4.478,14.177,"EMD8","ECD",0,7.4,1.95584976673126,"L",92.3076923076923,0
482,"ARG",-21.013,7.996,15.083,"TM6","TMD",0,80.6,1.5383894443512,"R",30.7692307692308,1
483,"SER",-18.034,8.047,12.693,"TM6","TMD",0,45.6,1.62574565410614,"S",84.6153846153846,1
484,"SER",-20.123,6.708,9.851,"TM6","TMD",0,3.4,1.58124756813049,"S",61.5384615384615,0
485,"LEU",-21.283,10.406,9.279,"TM6","TMD",0,12,1.71692931652069,"L",46.1538461538462,0
486,"GLN",-17.581,11.441,8.732,"TM6","TMD",0,63,1.39119517803192,"Q",100,0
487,"ILE",-17.155,8.422,6.36,"TM6","TMD",0,0,1.03628611564636,"I",76.9230769230769,1
488,"ALA",-19.932,9.728,3.864,"TM6","TMD",0,0.2,1.21850085258484,"A",100,0
489,"LEU",-18.367,13.206,4.031,"TM6","TMD",0,0,1.21163976192474,"L",100,0
490,"CYS",-14.782,11.919,3.651,"TM6","TMD",0,2,0.938019275665283,"C",76.9230769230769,0
491,"HSE",-15.763,9.945,0.668,"TM6","TMD",0,10.6,0.941358685493469,"H",100,3
492,"PHE",-17.613,13.117,-0.763,"TM6","TMD",0,0,1.16839480400085,"F",100,0
493,"PHE",-14.496,15.4,0.057,"TM6","TMD",0,0.4,1.16300714015961,"F",100,1
494,"PHE",-12.239,13.12,-1.925,"TM6","TMD",0,0.6,0.990307152271271,"F",100,2
495,"ASN",-14.727,12.868,-4.809,"TM6","TMD",0,0.4,1.06721460819244,"N",100,3
496,"ILE",-15.197,16.525,-5.221,"TM6","TMD",0,0,1.406898021698,"I",76.9230769230769,0
497,"SER",-11.351,16.902,-5.149,"TM6","TMD",0,21.6,1.42622232437134,"S",76.9230769230769,0
498,"GLY",-11.419,14.298,-7.956,"TM6","TMD",0,0.2,1.35852384567261,"G",100,1
499,"ILE",-13.478,16.836,-9.918,"TM6","TMD",0,0,1.60609865188599,"I",100,1
500,"LEU",-11.405,19.909,-8.732,"TM6","TMD",0,0.4,1.7960342168808,"L",92.3076923076923,1
501,"LEU",-8.308,18.291,-10.303,"TM6","TMD",0,3.2,1.81088292598724,"L",100,1
502,"TRP",-9.532,17.877,-13.887,"TM6","TMD",0,11.2,1.8217579126358,"W",100,2
503,"TYR",-11.928,20.871,-13.618,"TM6","TMD",0.2,16,1.90308034420013,"Y",100,1
504,"PRO",-9.799,23.607,-15.362,"TM6","TMD",0,0,2.0623607635498,"P",76.9230769230769,0
505,"ILE",-8.457,21.253,-18.177,"TM6","TMD",0,18,2.03485941886902,"I",38.4615384615385,0
506,"PRO",-11.482,21.628,-20.76,"TM6","TMD",0,34,2.09054470062256,"P",100,0
507,"PHE",-11.542,25.344,-20.106,"TM6","TMD",0,38.4,2.28047227859497,"F",38.4615384615385,0
508,"THR",-7.736,26.244,-19.875,"TM6","TMD",0,44.4,2.38004493713379,"T",76.9230769230769,0
509,"ARG",-7.043,23.709,-22.745,"EMD9","CD",0.8,86.6,2.53697085380554,"R",100,0
510,"LEU",-3.231,24.055,-22.464,"EMD9","CD",0,30.8,2.45365405082703,"L",100,0
511,"PRO",-1.262,20.681,-21.855,"EMD9","CD",0,24.6,2.63069772720337,"P",100,0
512,"ILE",-0.352,19.582,-18.299,"EMD9","CD",0.2,30,2.41606378555298,"I",100,2
513,"ARG",3.328,20.369,-18.347,"EMD9","CD",0,82.6,2.38653635978699,"R",76.9230769230769,0
514,"MET",6.245,18.258,-16.904,"EMD9","CD",0,56,2.30468678474426,"M",53.8461538461538,2
515,"ALA",6.413,18.864,-13.095,"EMD9","CD",0,3.6,2.3103723526001,"A",100,0
516,"LYS",9.836,18.235,-11.525,"EMD9","CD",81.6,21.8,2.39615392684937,"K",92.3076923076923,3
517,"GLY",11.556,17.031,-14.848,"EMD9","CD",0,36.6,2.49184584617615,"G",38.4615384615385,0
518,"LEU",11.184,14.613,-17.818,"EMD9","CD",1.6,26,2.38155388832092,"L",76.9230769230769,1
519,"GLY",8.437,12.003,-18.122,"EMD9","CD",0,4.4,2.05981993675232,"G",100,2
520,"ASN",11.089,9.168,-17.883,"EMD9","CD",0.2,62,2.21201944351196,"N",46.1538461538462,0
521,"ILE",10.581,5.433,-17.26,"EMD9","CD",24.6,36.4,2.25337314605713,"I",38.4615384615385,1
522,"SER",13.105,3.804,-14.727,"TM7","TMD",0,60.4,2.64887046813965,"S",38.4615384615385,0
523,"ALA",14.426,7.025,-13.25,"TM7","TMD",0,37.8,2.66972064971924,"A",92.3076923076923,0
524,"LYS",10.985,8.17,-11.86,"TM7","TMD",0,17,2.14236450195312,"K",76.9230769230769,2
525,"TYR",10.427,4.861,-10.017,"TM7","TMD",0,72.2,1.96033871173859,"Y",100,3
526,"ARG",13.719,5.293,-8.144,"TM7","TMD",0,80,2.09751009941101,"R",100,3
527,"TRP",13.077,9.032,-7.576,"TM7","TMD",0,17.4,2.12688255310059,"W",100,0
528,"PHE",9.561,8.526,-6.157,"TM7","TMD",0,0,1.75976622104645,"F",76.9230769230769,3
529,"ALA",10.957,6.109,-3.53,"TM7","TMD",0,0,1.68531394004822,"A",100,0
530,"VAL",13.843,8.526,-2.507,"TM7","TMD",0,0,1.75206553936005,"V",69.2307692307692,1
531,"PHE",12.706,12.092,-2.844,"TM7","TMD",0,0.2,1.82861256599426,"F",30.7692307692308,0
532,"TYR",9.174,11.747,-1.465,"TM7","TMD",0,0.4,1.57777631282806,"Y",100,2
533,"LEU",10.583,10.444,1.924,"TM7","TMD",0,0,1.36532723903656,"L",100,2
534,"ILE",12.575,13.806,2.159,"TM7","TMD",0,0,1.59001314640045,"I",38.4615384615385,0
535,"ILE",9.165,15.66,2.078,"TM7","TMD",0,0,1.64165329933167,"I",15.3846153846154,0
536,"PHE",7.843,13.309,4.779,"TM7","TMD",0,0,1.30839872360229,"F",38.4615384615385,3
537,"PHE",10.885,13.711,7.162,"TM7","TMD",0,0,1.30077290534973,"F",100,1
538,"PHE",11.817,17.376,6.549,"TM7","TMD",0,0,1.58516478538513,"F",23.0769230769231,0
539,"LEU",9.376,17.695,9.467,"TM7","TMD",0,0,1.48127210140228,"L",92.3076923076923,2
540,"ILE",11.865,16.017,11.972,"TM7","TMD",0,9.8,1.59510374069214,"I",23.0769230769231,0
541,"PRO",14.302,18.94,12.41,"EMD10","ECD",0,33,1.97521460056305,"P",100,0
542,"LEU",11.911,21.513,10.903,"EMD10","ECD",0,31,1.9813324213028,"L",61.5384615384615,0
543,"THR",9.229,21.252,13.675,"EMD10","ECD",10.2,41.2,1.96730804443359,"T",30.7692307692308,0
544,"VAL",9.13,17.812,15.398,"EMD10","ECD",0,7,1.81975865364075,"V",76.9230769230769,1
545,"PHE",11.652,18.789,18.168,"EMD10","ECD",0.2,43.6,2.2252881526947,"F",100,0
546,"GLY",9.282,21.632,19.076,"EMD10","ECD",0,48.6,2.62578773498535,"G",100,0
547,"LEU",6.766,19.045,19.949,"EMD10","ECD",1,5.8,2.14194846153259,"L",69.2307692307692,0
548,"SER",8.973,16.437,21.502,"EMD10","ECD",6.8,48.2,1.78258669376373,"S",100,1
549,"LEU",12.049,15.595,23.547,"EMD10","ECD",13.8,38.4,1.7209780216217,"L",61.5384615384615,0
550,"ALA",15.698,16.749,23.528,"EMD10","ECD",0.4,48.8,2.90795254707336,"A",92.3076923076923,0
551,"GLY",18.786,15.237,21.801,"EMD10","ECD",0,49.6,2.55763077735901,"G",100,0
552,"TRP",18.698,12.858,18.762,"EMD10","ECD",0,35,1.98074698448181,"W",76.9230769230769,0
553,"ARG",19.653,9.189,18.208,"EMD10","ECD",0.4,88.6,1.87685716152191,"R",30.7692307692308,1
554,"VAL",23.079,7.49,17.834,"EMD10","ECD",1.4,16,2.36577749252319,"V",61.5384615384615,0
555,"LEU",24.506,7.815,14.223,"EMD10","ECD",0,19.2,2.07823705673218,"L",61.5384615384615,0
556,"VAL",25.735,4.286,13.732,"EMD10","ECD",0,21,2.14973711967468,"V",76.9230769230769,0
557,"GLY",22.339,2.886,15.008,"EMD10","ECD",0,32.8,2.05027008056641,"G",76.9230769230769,0
558,"VAL",20.199,4.984,12.687,"EMD10","ECD",0,4,1.46087431907654,"V",100,0
559,"GLY",22.65,4.941,9.851,"TM8","TMD",0,0,1.63919615745544,"G",92.3076923076923,0
560,"VAL",23.035,1.115,9.472,"TM8","TMD",0,12,1.26426875591278,"V",30.7692307692308,0
561,"PRO",19.443,0.852,8.246,"TM8","TMD",0.2,0.2,1.2107560634613,"P",100,0
562,"VAL",19.755,4.052,6.015,"TM8","TMD",0,0,1.26746332645416,"V",15.3846153846154,0
563,"VAL",22.643,2.032,4.398,"TM8","TMD",0,0,1.40612435340881,"V",46.1538461538462,0
564,"PHE",20.307,-0.919,3.924,"TM8","TMD",0,0,1.38532447814941,"F",15.3846153846154,0
565,"ILE",17.745,1.134,1.865,"TM8","TMD",0,0,1.34565591812134,"I",15.3846153846154,0
566,"ILE",20.553,2.656,-0.213,"TM8","TMD",0,0,1.63181912899017,"I",30.7692307692308,0
567,"ILE",21.76,-0.98,-0.798,"TM8","TMD",0,0,1.79602980613708,"I",15.3846153846154,0
568,"LEU",18.16,-1.674,-1.95,"TM8","TMD",0,0,1.81104409694672,"L",61.5384615384615,1
569,"VAL",18.338,1.362,-4.331,"TM8","TMD",0,1.2,1.93218469619751,"V",84.6153846153846,1
570,"LEU",21.673,0.096,-5.672,"TM8","TMD",0,0.2,2.15607047080994,"L",30.7692307692308,0
571,"CYS",20.107,-3.329,-6.033,"TM8","TMD",0,0,2.25490999221802,"C",30.7692307692308,0
572,"LEU",17.255,-1.746,-8.055,"TM8","TMD",0,0,2.29131269454956,"L",38.4615384615385,2
573,"ARG",19.778,0.352,-10.239,"TM8","TMD",0,70,2.41430687904358,"R",30.7692307692308,1
574,"LEU",21.729,-2.93,-10.858,"TM8","TMD",0,1.8,2.5696063041687,"L",15.3846153846154,0
575,"LEU",18.457,-4.556,-11.835,"TM8","TMD",0,4.6,2.58273243904114,"L",100,1
576,"GLN",17.319,-1.496,-13.961,"TM8","TMD",0,35.2,2.6320948600769,"Q",100,2
577,"SER",20.733,-1.281,-15.609,"TM8","TMD",0,52.4,2.90160536766052,"S",53.8461538461538,0
578,"ARG",20.237,-4.821,-17.201,"C-domain","CD",0,60.2,2.94361925125122,"R",76.9230769230769,0
579,"CYS",16.467,-4.802,-18.029,"C-domain","CD",0,25,2.98659324645996,"C",38.4615384615385,2
580,"PRO",14.772,-4.355,-20.535,"C-domain","CD",0,15,3.05688953399658,"P",100,0
581,"ARG",17.931,-4.294,-22.634,"C-domain","CD",23.4,79.6,2.48803615570068,"R",30.7692307692308,0
582,"VAL",16.542,-2.509,-25.663,"C-domain","CD",0,12,2.12368440628052,"V",15.3846153846154,0
583,"LEU",19.638,-2.805,-27.927,"C-domain","CD",0,25.4,1.75020968914032,"L",100,0
584,"PRO",19.193,-6.586,-29.07,"C-domain","CD",0,8.2,1.76511716842651,"P",100,0
585,"LYS",15.298,-6.054,-29.413,"C-domain","CD",0,59.8,1.74888479709625,"K",53.8461538461538,0
586,"LYS",15.99,-2.877,-31.403,"C-domain","CD",0,65.2,1.54800796508789,"K",38.4615384615385,1
587,"LEU",18.27,-4.839,-33.705,"C-domain","CD",0,3,1.47739589214325,"L",100,0
588,"GLN",15.68,-7.596,-34.077,"C-domain","CD",0,61.8,1.46027159690857,"Q",69.2307692307692,0
589,"ASN",13.075,-5.052,-34.887,"C-domain","CD",0,45.6,1.28859782218933,"N",15.3846153846154,1
590,"TRP",15.308,-3.376,-37.506,"C-domain","CD",0,39.8,1.57599556446075,"W",100,1
591,"ASN",15.886,-6.752,-39.382,"C-domain","CD",0,66.2,1.81430304050446,"N",30.7692307692308,0
592,"PHE",12.306,-8.036,-38.875,"C-domain","CD",0,0.4,1.49859988689423,"F",76.9230769230769,3
593,"LEU",10.996,-5.354,-41.27,"C-domain","CD",0.2,0.2,1.69515872001648,"L",100,2
594,"PRO",13.049,-6.735,-44.327,"C-domain","CD",0,18.4,2.35091209411621,"P",100,0
595,"LEU",11.52,-10.206,-43.757,"C-domain","CD",0,24.4,2.27858591079712,"L",53.8461538461538,1
596,"TRP",8.084,-8.858,-43.167,"C-domain","CD",0,31.6,1.89252722263336,"W",100,2
597,"MET",7.646,-6.705,-46.317,"C-domain","CD",0,44.4,2.4640097618103,"M",69.2307692307692,1
598,"ARG",9.168,-9.54,-48.365,"C-domain","CD",0,92.6,2.87672233581543,"R",23.0769230769231,0
599,"SER",6.733,-12.098,-46.729,"C-domain","CD",0,57.2,2.68309259414673,"S",100,1
600,"LEU",3.755,-10.181,-48.265,"C-domain","CD",0,38.4,2.91612553596497,"L",100,0
601,"LYS",2.433,-11.731,-51.459,"C-domain","CD",0,89.4,3.91415023803711,"K",46.1538461538462,0
602,"PRO",3.089,-8.475,-53.521,"C-domain","CD",0.4,48.8,3.96884870529175,"P",100,0
603,"TRP",6.944,-8.132,-53.747,"C-domain","CD",0.4,51.8,3.9162700176239,"W",61.5384615384615,0
604,"ASP",7.354,-4.357,-54.067,"C-domain","CD",0.2,99.2,3.78598761558533,"D",100,0
605,"ALA",4.331,-3.069,-52.266,"C-domain","CD",0.6,19.6,3.55256366729736,"A",15.3846153846154,0
606,"VAL",6.225,-1.427,-49.443,"C-domain","CD",0,12.6,3.1038920879364,"V",23.0769230769231,1
607,"VAL",9.111,0.019,-51.399,"C-domain","CD",0,9.6,3.38024663925171,"V",30.7692307692308,0
608,"SER",7.075,1.288,-54.33,"C-domain","CD",0,55.6,3.92515540122986,"S",30.7692307692308,0
609,"LYS",4.658,3.154,-51.856,"C-domain","CD",0,76.8,3.89267730712891,"K",15.3846153846154,0
610,"PHE",7.695,4.386,-49.946,"C-domain","CD",0,0.2,3.770259141922,"F",15.3846153846154,3
611,"THR",9.26,5.774,-53.086,"C-domain","CD",0,53.6,4.4020848274231,"T",76.9230769230769,0
612,"GLY",5.822,7.427,-53.915,"C-domain","CD",0,32,4.84068727493286,"G",15.3846153846154,0
613,"CYS",5.978,9.136,-50.404,"C-domain","CD",0,6.2,4.83431625366211,"C",76.9230769230769,2
614,"PHE",9.264,10.649,-51.416,"C-domain","CD",0,48,5.14447927474976,"F",38.4615384615385,2
615,"GLN",7.77,12.514,-54.472,"C-domain","CD",0,78.4,5.97612905502319,"Q",38.4615384615385,0
616,"MET",7.373,16.273,-54.814,"C-domain","CD",13.2,63.2,6.93797588348389,"M",23.0769230769231,0
617,"ARG",7.318,17.898,-51.392,"C-domain","CD",0,84.2,7.07696962356567,"R",38.4615384615385,1
618,"CYS",7.968,14.478,-49.826,"C-domain","CD",97.8,4.6,6.00593996047974,"C",38.4615384615385,2
619,"CYS",5.789,12.917,-47.081,"C-domain","CD",0,0.2,5.54783344268799,"C",38.4615384615385,2
620,"CYS",6.73,13.968,-43.485,"C-domain","CD",0.2,38.6,5.35650587081909,"C",38.4615384615385,1
621,"CYS",7.503,10.321,-42.466,"C-domain","CD",0,34.2,4.5237078666687,"C",38.4615384615385,3
622,"CYS",9.967,9.843,-45.37,"C-domain","CD",0,0,4.39745140075684,"C",38.4615384615385,2
623,"ARG",12.185,13.151,-45.421,"C-domain","CD",0,80.2,4.73981475830078,"R",38.4615384615385,1
624,"VAL",15.47,11.667,-44.12,"C-domain","CD",0,16.2,4.18412399291992,"V",38.4615384615385,1
625,"CYS",15.129,8.518,-46.431,"C-domain","CD",0,40.4,3.94980478286743,"C",38.4615384615385,4
626,"CYS",14.189,10.776,-49.409,"C-domain","CD",0,43.6,4.74150848388672,"C",38.4615384615385,2
627,"ARG",17.466,12.656,-48.872,"C-domain","CD",0,89.2,4.83727598190308,"R",38.4615384615385,0
628,"ALA",19.321,9.242,-48.282,"C-domain","CD",7,28.6,4.43797874450684,"A",15.3846153846154,0
629,"CYS",20.571,10.078,-44.709,"C-domain","CD",0,42,4.2334508895874,"C",38.4615384615385,0
630,"CYS",18.569,7.126,-43.375,"C-domain","CD",0.8,26.8,3.65046954154968,"C",38.4615384615385,2
631,"LEU",17.367,3.741,-44.729,"C-domain","CD",0,7.8,3.24202990531921,"L",15.3846153846154,2
632,"LEU",13.843,2.252,-44.397,"C-domain","CD",2.4,55.4,2.91932320594788,"L",23.0769230769231,0
633,"CYS",12.533,4.782,-41.755,"C-domain","CD",0,30.6,3.00870299339294,"C",38.4615384615385,2
634,"GLY",8.993,6.027,-42.192,"C-domain","CD",0,11.4,3.5583860874176,"D",7.69230769230769,1
635,"CYS",7.582,3.01,-44.236,"C-domain","CD",0,3.2,3.20059633255005,"C",38.4615384615385,2
636,"PRO",3.649,3.383,-44.482,"C-domain","CD",1.2,37,3.4248743057251,"P",15.3846153846154,0
637,"LYS",1.756,1.126,-41.964,"C-domain","CD",1.6,87.8,3.09237909317017,"K",38.4615384615385,0
638,"CYS",4.762,-1.425,-41.639,"C-domain","CD",0,40.6,2.44166588783264,"C",84.6153846153846,2
639,"CYS",5.39,-3.743,-38.713,"C-domain","CD",0,10.2,2.03412389755249,"C",61.5384615384615,1
640,"ARG",8.099,-2.796,-36.14,"C-domain","CD",1.6,88.6,1.84675908088684,"R",76.9230769230769,2
641,"CYS",9.335,0.248,-38.178,"C-domain","CD",0,43.4,2.17493009567261,"C",53.8461538461538,2
642,"SER",11.136,3.446,-37.19,"C-domain","CD",0,47,2.56060576438904,"S",30.7692307692308,2
643,"LYS",9.223,6.658,-37.905,"C-domain","CD",0.6,78.8,3.4581081867218,"K",38.4615384615385,0
644,"CYS",5.975,4.806,-38.819,"C-domain","CD",0,51,3.55332326889038,"C",53.8461538461538,0
645,"CYS",3.717,6.91,-36.615,"C-domain","CD",0,55.8,4.27760314941406,"C",30.7692307692308,0
646,"GLU",4.578,9.974,-38.591,"C-domain","CD",0,98.8,4.64544582366943,"E",23.0769230769231,2
647,"ASP",1.935,11.8,-40.989,"C-domain","CD",0.8,99.6,5.46574306488037,"D",30.7692307692308,1
648,"LEU",1.616,11.5,-44.772,"C-domain","CD",0,55.4,5.56205415725708,"L",69.2307692307692,2
649,"GLU",1.187,15.241,-45.033,"C-domain","CD",0,99.2,6.51483726501465,"E",30.7692307692308,1
650,"GLU",3.824,17.155,-47.125,"C-domain","CD",0,98.2,6.72319602966309,"E",30.7692307692308,1
651,"ALA",7.11,18.525,-45.608,"C-domain","CD",0.2,25.6,7.03805780410767,"A",15.3846153846154,2
652,"GLN",7.262,21.977,-44.097,"C-domain","CD",0,82,7.69784212112427,"Q",7.69230769230769,0
653,"GLU",8.247,25.162,-45.949,"C-domain","CD",0.6,99.8,7.86329030990601,"E",23.0769230769231,0
654,"GLY",11.884,26.318,-45.286,"C-domain","CD",0,51.8,8.08773231506348,"G",23.0769230769231,0
655,"GLN",12.291,26.461,-41.526,"C-domain","CD",0.4,75.4,8.49587726593018,"Q",30.7692307692308,0
656,"ASP",12.934,23.219,-39.572,"C-domain","CD",0.4,99.4,7.17600250244141,"D",38.4615384615385,0
657,"VAL",10.533,21.871,-37.021,"C-domain","CD",0.4,57.6,6.65826559066772,"V",23.0769230769231,0
658,"PRO",11.991,21.742,-33.378,"C-domain","CD",0.2,52.6,6.14037942886353,"P",100,0
659,"VAL",13.792,18.541,-32.422,"C-domain","CD",0.4,55,5.40358924865723,"V",38.4615384615385,0
660,"LYS",12.064,15.155,-31.914,"C-domain","CD",0.2,83.8,4.90684413909912,"K",38.4615384615385,1
661,"ALA",11.268,13.89,-28.401,"C-domain","CD",0.2,59,4.42382955551147,"A",30.7692307692308,0
662,"PRO",12.221,10.258,-27.589,"C-domain","CD",0.2,45.4,3.73712754249573,"P",61.5384615384615,0
663,"GLU",10.051,7.869,-29.497,"C-domain","CD",0.2,97.8,3.67507410049438,"E",15.3846153846154,0
664,"THR",8.778,4.499,-28.094,"C-domain","CD",0,70.8,3.8366904258728,"T",15.3846153846154,0
665,"PHE",10.115,1.518,-29.997,"C-domain","CD",6.2,52.2,3.50261330604553,"F",38.4615384615385,0
666,"ASP",12.155,3.412,-32.541,"C-domain","CD",0.8,93.6,2.71318626403809,"D",30.7692307692308,0
667,"ASN",15.224,2.154,-34.664,"C-domain","CD",0,53.4,2.49975180625916,"N",38.4615384615385,0
668,"ILE",16.717,5.537,-35.847,"C-domain","CD",0,30,2.98603844642639,"I",15.3846153846154,1
669,"THR",19.886,4.518,-33.935,"C-domain","CD",0,62.6,2.85716462135315,"T",15.3846153846154,0
670,"ILE",20.467,1.291,-36.032,"C-domain","CD",0,36.4,2.31484055519104,"I",15.3846153846154,2
671,"SER",19.632,2.949,-39.393,"C-domain","CD",2.6,50,2.89934134483337,"S",30.7692307692308,1
672,"ARG",22.555,4.272,-41.481,"C-domain","CD",0,79.8,3.22329902648926,"R",15.3846153846154,0
673,"GLU",22.977,6.615,-44.524,"C-domain","CD",0.2,100,3.82823538780212,"E",38.4615384615385,0
674,"ALA",21.543,4.655,-47.482,"C-domain","CD",1.4,53.4,4.83762741088867,"A",23.0769230769231,0
675,"GLN",24.336,5.145,-50.2,"C-domain","CD",1,80.2,5.82899522781372,"Q",38.4615384615385,0
676,"GLY",26.606,2.183,-51.239,"C-domain","CD",0,47.2,6.89104032516479,"G",15.3846153846154,0
677,"GLU",27.502,-1.139,-49.592,"C-domain","CD",0,99.8,7.24143266677856,"E",38.4615384615385,0
678,"VAL",27.12,0.199,-46.016,"C-domain","CD",0,36.8,6.93950223922729,"V",46.1538461538462,0
679,"PRO",24.252,-1.994,-44.831,"C-domain","CD",0,34.6,6.39707469940186,"P",15.3846153846154,0
680,"ALA",26.167,-4.843,-46.489,"C-domain","CD",0.6,48.4,7.15093088150024,"A",76.9230769230769,0
681,"SER",28.927,-4.721,-43.805,"C-domain","CD",1.2,66.4,7.86483955383301,"S",38.4615384615385,0
682,"ASP",29.715,-8.373,-42.638,"C-domain","CD",0.8,99,8.59873962402344,"D",15.3846153846154,0
683,"SER",30.458,-7.034,-39.078,"C-domain","CD",0.8,72.8,7.97815036773682,"S",15.3846153846154,0
684,"LYS",27.518,-8.047,-36.885,"C-domain","CD",0,79.8,6.57395648956299,"K",15.3846153846154,0
685,"THR",27.725,-5.433,-34.075,"C-domain","CD",0,68.8,6.99296045303345,"T",15.3846153846154,0
686,"GLU",25.754,-2.548,-35.387,"C-domain","CD",0,99.8,6.6728138923645,"E",15.3846153846154,0
687,"CYS",23.852,-4.602,-38.058,"C-domain","CD",0.2,35.6,5.51788187026978,"C",15.3846153846154,0
688,"THR",22.113,-7.545,-36.462,"C-domain","CD",0.2,69,5.26267623901367,"T",76.9230769230769,0
689,"ALA",22.075,-9.567,-33.181,"C-domain","CD",0,57.2,5.86344718933105,"A",23.0769230769231,0
690,"LEU",22.959,-13.202,-33.008,"C-domain","CD",0,96.6,6.56403923034668,"L",61.5384615384615,0
